Web ID,Reported Date,Number Dead,Minimum Estimated Number of Missing,Total Dead and Missing,Number of Survivors,Route,Supra Route
52758.0,2019-12-31,2.0,,2,,Other,Other
52757.0,2019-12-31,3.0,,3,,Other,Other
52756.0,2019-12-31,1.0,,1,,Other,Other
52858.0,2019-12-28,5.0,,5,,Other,Other
52660.0,2019-12-23,2.0,4.0,6,9.0,Other,Other
52674.0,2019-12-22,1.0,,1,,Other,Other
52675.0,2019-12-18,1.0,,1,,Other,Other
52659.0,2019-12-17,1.0,,1,,Other,Other
52655.0,2019-12-11,1.0,,1,,Other,Other
52647.0,2019-12-08,2.0,,2,,Other,Other
52646.0,2019-12-08,4.0,,4,,Other,Other
52636.0,2019-11-28,2.0,,2,,Other,Other
52628.0,2019-11-23,1.0,,1,,Other,Other
52611.0,2019-11-16,1.0,,1,,Other,Other
52604.0,2019-11-11,,4.0,4,6.0,Other,Other
52530.0,2019-11-07,1.0,,1,,Other,Other
52521.0,2019-11-03,1.0,,1,,Other,Other
52526.0,2019-10-31,2.0,,2,,Other,Other
52511.0,2019-10-23,39.0,,39,,Other,Other
52496.0,2019-10-14,2.0,,2,,Other,Other
52501.0,2019-10-12,1.0,,1,,Other,Other
52489.0,2019-10-09,3.0,,3,12.0,Other,Other
52506.0,2019-10-09,1.0,,1,,Other,Other
52505.0,2019-10-05,1.0,,1,10.0,Other,Other
52468.0,2019-10-01,2.0,,2,,Other,Other
52504.0,2019-09-30,1.0,,1,,Other,Other
52606.0,2019-09-30,1.0,,1,1.0,Other,Other
52446.0,2019-09-19,1.0,,1,,Other,Other
52425.0,2019-09-12,1.0,,1,8.0,Other,Other
52000.0,2019-09-07,1.0,,1,,Other,Other
51977.0,2019-08-26,6.0,,6,10.0,Other,Other
51968.0,2019-08-25,1.0,,1,11.0,Other,Other
51967.0,2019-08-23,1.0,,1,13.0,Other,Other
52672.0,2019-08-20,,1.0,1,21.0,Other,Other
51964.0,2019-08-18,1.0,,1,,Other,Other
51948.0,2019-08-09,,1.0,1,19.0,Other,Other
52581.0,2019-08-02,2.0,,2,,Other,Other
52580.0,2019-08-02,4.0,,4,,Other,Other
51910.0,2019-07-31,1.0,,1,,Other,Other
51909.0,2019-07-31,1.0,,1,,Other,Other
51892.0,2019-07-28,1.0,,1,,Other,Other
51881.0,2019-07-20,1.0,,1,,Other,Other
51830.0,2019-07-06,1.0,,1,7.0,Other,Other
51923.0,2019-07-06,1.0,,1,2.0,Other,Other
51816.0,2019-06-30,1.0,,1,,Other,Other
51815.0,2019-06-21,1.0,,1,,Other,Other
51851.0,2019-06-17,1.0,,1,,Other,Other
51758.0,2019-06-12,1.0,,1,,Other,Other
51907.0,2019-06-12,1.0,,1,,Other,Other
51709.0,2019-05-21,3.0,,3,1.0,Other,Other
51708.0,2019-05-20,1.0,,1,,Other,Other
51834.0,2019-05-12,1.0,,1,,Other,Other
52750.0,2019-05-10,3.0,,3,,Other,Other
51669.0,2019-05-01,1.0,,1,,Other,Other
51598.0,2019-03-31,1.0,,1,,Other,Other
51597.0,2019-03-31,1.0,,1,14.0,Other,Other
51678.0,2019-03-29,1.0,,1,,Other,Other
51630.0,2019-03-24,1.0,,1,,Other,Other
52748.0,2019-03-10,1.0,,1,,Other,Other
51529.0,2019-03-08,1.0,,1,,Other,Other
51528.0,2019-03-08,1.0,,1,1.0,Other,Other
51507.0,2019-02-24,2.0,,2,,Other,Other
51463.0,2019-02-08,1.0,,1,,Other,Other
51461.0,2019-02-07,1.0,,1,,Other,Other
51459.0,2019-02-05,1.0,,1,1.0,Other,Other
51493.0,2019-02-03,1.0,,1,,Other,Other
51891.0,2019-02-01,,4.0,4,8.0,Other,Other
48309.0,2019-01-11,1.0,,1,,Other,Other
48085.0,2018-12-25,1.0,,1,,Other,Other
48066.0,2018-12-19,1.0,,1,,Other,Other
46146.0,2018-12-13,3.0,,3,,Other,Other
49268.0,2018-12-01,1.0,,1,,Other,Other
46115.0,2018-11-30,1.0,,1,,Other,Other
46105.0,2018-11-28,1.0,,1,8.0,Other,Other
46104.0,2018-11-27,,1.0,1,5.0,Other,Other
46103.0,2018-11-27,4.0,,4,,Other,Other
46083.0,2018-11-18,1.0,,1,,Other,Other
46099.0,2018-11-14,1.0,,1,,Other,Other
46074.0,2018-11-12,1.0,,1,9.0,Other,Other
46077.0,2018-11-11,1.0,,1,,Other,Other
46067.0,2018-11-10,1.0,,1,27.0,Other,Other
46144.0,2018-11-05,1.0,,1,,Other,Other
46075.0,2018-11-01,,1.0,1,,Other,Other
46046.0,2018-10-25,1.0,2.0,3,,Other,Other
46045.0,2018-10-25,1.0,,1,,Other,Other
45978.0,2018-10-13,11.0,,11,,Other,Other
45974.0,2018-10-10,3.0,,3,,Other,Other
45969.0,2018-10-03,1.0,,1,,Other,Other
45946.0,2018-09-23,1.0,,1,2.0,Other,Other
45926.0,2018-09-12,1.0,,1,,Other,Other
45912.0,2018-09-09,1.0,,1,,Other,Other
45857.0,2018-08-18,1.0,,1,,Other,Other
45842.0,2018-08-13,2.0,,2,10.0,Other,Other
45819.0,2018-08-01,2.0,,2,,Other,Other
45816.0,2018-07-29,1.0,,1,,Other,Other
45827.0,2018-07-23,1.0,,1,,Other,Other
45839.0,2018-07-20,2.0,,2,,Other,Other
45720.0,2018-07-05,1.0,,1,,Other,Other
44917.0,2018-06-27,3.0,,3,7.0,Other,Other
48319.0,2018-06-26,1.0,,1,,Other,Other
44918.0,2018-06-25,2.0,,2,17.0,Other,Other
45760.0,2018-06-21,7.0,,7,,Other,Other
44914.0,2018-06-21,1.0,,1,,Other,Other
44906.0,2018-06-19,1.0,,1,,Other,Other
48320.0,2018-06-15,1.0,,1,,Other,Other
44873.0,2018-06-11,1.0,,1,,Other,Other
44872.0,2018-06-10,1.0,,1,,Other,Other
45872.0,2018-06-10,1.0,,1,,Other,Other
44870.0,2018-06-08,5.0,,5,11.0,Other,Other
44867.0,2018-06-06,1.0,,1,,Other,Other
44837.0,2018-06-03,1.0,,1,,Other,Other
48318.0,2018-06-01,,2.0,2,,Other,Other
44821.0,2018-05-25,1.0,,1,,Other,Other
44813.0,2018-05-21,1.0,,1,2.0,Other,Other
44875.0,2018-05-20,1.0,,1,,Other,Other
44810.0,2018-05-18,1.0,,1,,Other,Other
44809.0,2018-05-17,1.0,,1,,Other,Other
48317.0,2018-05-17,1.0,,1,,Other,Other
48314.0,2018-05-14,1.0,,1,,Other,Other
44803.0,2018-05-09,1.0,,1,,Other,Other
48316.0,2018-05-04,1.0,,1,,Other,Other
44781.0,2018-04-30,1.0,,1,7.0,Other,Other
44802.0,2018-04-30,1.0,,1,,Other,Other
44801.0,2018-04-29,1.0,,1,,Other,Other
44874.0,2018-04-22,1.0,,1,,Other,Other
44769.0,2018-04-20,1.0,,1,,Other,Other
44757.0,2018-04-10,1.0,,1,3.0,Other,Other
44755.0,2018-04-09,1.0,,1,1.0,Other,Other
45759.0,2018-04-04,1.0,,1,2.0,Other,Other
44682.0,2018-03-28,1.0,,1,,Other,Other
44680.0,2018-03-24,1.0,,1,,Other,Other
44828.0,2018-03-24,2.0,,2,,Other,Other
46142.0,2018-03-20,1.0,,1,,Other,Other
44668.0,2018-03-17,2.0,,2,7.0,Other,Other
44659.0,2018-03-12,1.0,,1,,Other,Other
44827.0,2018-03-03,1.0,,1,,Other,Other
44383.0,2018-01-31,1.0,,1,,Other,Other
48315.0,2018-01-30,1.0,,1,,Other,Other
44365.0,2018-01-29,1.0,,1,,Other,Other
44826.0,2018-01-28,1.0,,1,,Other,Other
44105.0,2018-01-20,1.0,,1,,Other,Other
44092.0,2018-01-14,1.0,,1,,Other,Other
44094.0,2018-01-13,1.0,,1,,Other,Other
44089.0,2018-01-11,1.0,,1,,Other,Other
44085.0,2018-01-09,1.0,,1,,Other,Other
44645.0,2018-01-02,,1.0,1,1.0,Other,Other
44068.0,2017-12-29,1.0,,1,,Other,Other
44067.0,2017-12-28,1.0,,1,,Other,Other
44066.0,2017-12-27,1.0,,1,,Other,Other
44065.0,2017-12-21,1.0,,1,,Other,Other
44003.0,2017-11-28,4.0,,4,4.0,Other,Other
43991.0,2017-11-22,1.0,,1,,Other,Other
43990.0,2017-11-21,1.0,,1,,Other,Other
51629.0,2017-11-09,1.0,,1,,Other,Other
43916.0,2017-11-01,1.0,,1,,Other,Other
43915.0,2017-10-30,1.0,,1,,Other,Other
43982.0,2017-10-16,1.0,,1,,Other,Other
43859.0,2017-10-08,1.0,,1,2.0,Other,Other
43858.0,2017-09-27,1.0,,1,,Other,Other
44360.0,2017-09-26,1.0,,1,,Other,Other
43767.0,2017-09-22,24.0,14.0,38,40.0,Other,Other
46043.0,2017-09-07,1.0,,1,,Other,Other
43669.0,2017-08-27,2.0,,2,,Other,Other
42389.0,2017-08-26,1.0,,1,,Other,Other
38436.0,2017-08-16,1.0,,1,,Other,Other
35471.0,2017-08-03,1.0,,1,,Other,Other
35485.0,2017-07-22,1.0,,1,,Other,Other
31134.0,2017-07-12,1.0,,1,,Other,Other
44099.0,2017-07-01,1.0,,1,,Other,Other
31029.0,2017-06-08,1.0,,1,,Other,Other
31024.0,2017-06-04,9.0,,9,7.0,Other,Other
31018.0,2017-06-01,1.0,,1,,Other,Other
30988.0,2017-05-24,1.0,,1,,Other,Other
30980.0,2017-05-19,1.0,,1,,Other,Other
30943.0,2017-05-02,1.0,,1,,Other,Other
30932.0,2017-04-24,1.0,,1,14.0,Other,Other
30928.0,2017-04-21,1.0,,1,,Egypt Greece Italy route,Egypt Grece Italy route
30902.0,2017-04-05,1.0,,1,,Other,Other
30899.0,2017-04-01,1.0,,1,,Other,Other
30875.0,2017-03-21,1.0,,1,,Other,Other
43897.0,2017-03-11,1.0,,1,,Other,Other
30843.0,2017-02-27,1.0,,1,,Other,Other
30830.0,2017-02-22,3.0,,3,5.0,Other,Other
30814.0,2017-02-17,1.0,,1,,Other,Other
30797.0,2017-02-12,1.0,,1,,Other,Other
30780.0,2017-02-05,1.0,,1,,Other,Other
30774.0,2017-02-03,1.0,,1,,Other,Other
30738.0,2017-01-21,1.0,,1,,Other,Other
30704.0,2017-01-14,1.0,,1,,Other,Other
30669.0,2017-01-06,2.0,,2,,Other,Other
30661.0,2017-01-03,1.0,,1,,Other,Other
30658.0,2017-01-02,1.0,,1,,Other,Other
42803.0,2016-12-29,3.0,,3,12.0,Other,Other
42815.0,2016-12-26,1.0,,1,,Other,Other
42788.0,2016-12-24,1.0,,1,,Other,Other
42821.0,2016-12-23,1.0,,1,,Other,Other
42446.0,2016-12-03,2.0,,2,1.0,Other,Other
42760.0,2016-11-23,1.0,,1,,Other,Other
43034.0,2016-11-23,1.0,,1,,Other,Other
44534.0,2016-11-21,1.0,,1,,Other,Other
42750.0,2016-11-21,1.0,,1,,Other,Other
42775.0,2016-11-21,1.0,,1,,Other,Other
42378.0,2016-11-16,1.0,,1,,Other,Other
42455.0,2016-10-26,1.0,,1,,Other,Other
42814.0,2016-10-23,1.0,,1,,Other,Other
42738.0,2016-10-18,1.0,,1,,Other,Other
42736.0,2016-10-18,1.0,,1,,Other,Other
42718.0,2016-10-14,1.0,,1,2.0,Other,Other
42727.0,2016-10-12,1.0,,1,,Other,Other
42811.0,2016-10-09,1.0,,1,,Other,Other
42449.0,2016-10-09,1.0,,1,1.0,Other,Other
42711.0,2016-09-24,1.0,,1,,Other,Other
42692.0,2016-09-19,1.0,,1,,Other,Other
42861.0,2016-09-16,1.0,,1,,Other,Other
42873.0,2016-09-11,6.0,,6,4.0,Other,Other
42706.0,2016-09-10,1.0,,1,,Other,Other
42845.0,2016-09-06,1.0,,1,,Other,Other
42872.0,2016-08-24,1.0,,1,5.0,Other,Other
42850.0,2016-08-22,1.0,,1,,Other,Other
42954.0,2016-07-27,1.0,,1,,Other,Other
42877.0,2016-07-26,1.0,,1,6.0,Other,Other
42613.0,2016-07-20,1.0,,1,,Other,Other
42599.0,2016-07-12,1.0,,1,,Other,Other
42603.0,2016-07-04,1.0,,1,,Other,Other
42545.0,2016-06-07,1.0,,1,,Other,Other
42444.0,2016-06-01,1.0,,1,6.0,Other,Other
42539.0,2016-05-28,1.0,,1,,Other,Other
42474.0,2016-05-09,1.0,,1,,Other,Other
42525.0,2016-04-01,1.0,,1,,Other,Other
42407.0,2016-03-31,1.0,,1,,Other,Other
42406.0,2016-03-23,2.0,,2,,Other,Other
42950.0,2016-03-14,3.0,,3,23.0,Other,Other
42949.0,2016-03-11,1.0,,1,,Other,Other
42953.0,2016-03-02,1.0,,1,,Other,Other
42495.0,2016-02-12,1.0,,1,,Other,Other
42440.0,2016-02-10,1.0,,1,,Other,Other
42939.0,2016-02-07,2.0,,2,,Other,Other
42411.0,2016-01-25,1.0,,1,2.0,Other,Other
42938.0,2016-01-23,1.0,,1,,Other,Other
42512.0,2016-01-23,1.0,,1,,Other,Other
42937.0,2016-01-20,1.0,,1,,Other,Other
42419.0,2016-01-17,1.0,,1,,Other,Other
42849.0,2016-01-10,1.0,,1,,Other,Other
40638.0,2015-12-31,2.0,,2,,Other,Other
40613.0,2015-12-28,1.0,,1,,Other,Other
41051.0,2015-12-24,1.0,,1,,Central Mediterranean 3,Central Mediterranean
40607.0,2015-12-19,1.0,,1,,Other,Other
41043.0,2015-12-03,1.0,,1,,Other,Other
40570.0,2015-12-03,1.0,,1,,Other,Other
41042.0,2015-12-02,1.0,,1,,Other,Other
40844.0,2015-11-17,2.0,,2,,Other,Other
40859.0,2015-11-13,1.0,,1,,Other,Other
40715.0,2015-11-13,2.0,,2,,Other,Other
40584.0,2015-10-31,1.0,,1,,Other,Other
40610.0,2015-10-28,1.0,,1,,Other,Other
41061.0,2015-10-26,1.0,,1,,Other,Other
40855.0,2015-10-16,1.0,,1,,Other,Other
40684.0,2015-10-15,1.0,,1,,Other,Other
41049.0,2015-10-15,1.0,,1,,Other,Other
40850.0,2015-10-15,1.0,,1,,Other,Other
41044.0,2015-10-14,1.0,,1,,Other,Other
41037.0,2015-10-05,1.0,,1,,Other,Other
40612.0,2015-09-30,1.0,,1,,Other,Other
40287.0,2015-09-29,1.0,,1,,Other,Other
41052.0,2015-09-29,1.0,,1,,Other,Other
40849.0,2015-09-24,1.0,,1,,Other,Other
40532.0,2015-09-20,1.0,,1,,Other,Other
40572.0,2015-09-18,1.0,,1,,Other,Other
40670.0,2015-09-12,1.0,,1,,Other,Other
41048.0,2015-09-10,1.0,,1,2.0,Other,Other
40606.0,2015-09-04,1.0,,1,,Other,Other
40858.0,2015-09-04,1.0,,1,,Other,Other
40390.0,2015-09-01,1.0,,1,,Other,Other
40846.0,2015-08-27,71.0,,71,,Other,Other
41047.0,2015-07-29,1.0,,1,,Other,Other
41056.0,2015-07-27,1.0,,1,,Other,Other
40369.0,2015-07-24,1.0,,1,,Other,Other
41005.0,2015-07-24,1.0,,1,,Other,Other
41046.0,2015-07-24,1.0,,1,,Other,Other
40366.0,2015-07-19,1.0,,1,,Other,Other
41055.0,2015-07-16,1.0,,1,,Other,Other
41041.0,2015-07-15,1.0,,1,,Other,Other
41054.0,2015-07-13,1.0,,1,,Other,Other
40857.0,2015-07-07,1.0,,1,,Other,Other
41053.0,2015-06-29,1.0,,1,,Other,Other
40856.0,2015-06-26,1.0,,1,,Other,Other
40669.0,2015-06-18,1.0,,1,,Other,Other
41067.0,2015-05-31,1.0,,1,,Other,Other
40286.0,2015-05-12,1.0,,1,,Other,Other
40863.0,2015-04-24,1.0,,1,,Other,Other
40862.0,2015-04-23,14.0,,14,36.0,Other,Other
41096.0,2015-02-14,1.0,,1,,Other,Other
40284.0,2015-01-08,1.0,,1,,Other,Other
40633.0,2015-01-03,1.0,,1,,Other,Other
39371.0,2014-12-31,1.0,,1,,Other,Other
39439.0,2014-12-29,1.0,,1,,Other,Other
39378.0,2014-11-28,4.0,,4,,Other,Other
39438.0,2014-11-19,2.0,,2,,Other,Other
39370.0,2014-10-19,1.0,0.0,1,0.0,Other,Other
39253.0,2014-10-11,1.0,0.0,1,0.0,Other,Other
51962.0,2014-10-07,1.0,,1,,Other,Other
51961.0,2014-10-07,1.0,,1,,Other,Other
39375.0,2014-08-21,1.0,0.0,1,34.0,Other,Other
39243.0,2014-07-24,1.0,,1,,Other,Other
39369.0,2014-05-23,1.0,0.0,1,0.0,Other,Other
39238.0,2014-05-02,1.0,0.0,1,0.0,Other,Other
39234.0,2014-03-15,1.0,0.0,1,0.0,Other,Other
39233.0,2014-03-14,1.0,0.0,1,0.0,Other,Other
39232.0,2014-03-12,1.0,0.0,1,0.0,Other,Other
39227.0,2014-03-09,1.0,0.0,1,0.0,Other,Other
39373.0,2014-01-30,1.0,0.0,1,2.0,Other,Other
39368.0,2014-01-16,1.0,0.0,1,2.0,Other,Other
52759.0,2019-12-30,1.0,,1,,Central Mediterranean 3,Central Mediterranean
52673.0,2019-12-30,1.0,,1,11.0,Other,Other
52666.0,2019-12-30,1.0,,1,,Strait + goulf of Cadix route,Western Mediterranean
52822.0,2019-12-30,,45.0,45,,Central Mediterranean 3,Central Mediterranean
52782.0,2019-12-24,1.0,,1,,Strait + goulf of Cadix route,Western Mediterranean
52781.0,2019-12-19,1.0,,1,7.0,Alboran route,Western Mediterranean
52667.0,2019-12-18,4.0,,4,,Alboran route,Western Mediterranean
52676.0,2019-12-17,1.0,5.0,6,40.0,Alboran route,Western Mediterranean
52658.0,2019-12-16,7.0,24.0,31,63.0,Alboran route,Western Mediterranean
52741.0,2019-12-16,1.0,,1,,Central Mediterranean 3,Central Mediterranean
52821.0,2019-12-16,,56.0,56,,Alboran route,Western Mediterranean
52657.0,2019-12-16,1.0,,1,73.0,Alboran route,Western Mediterranean
52862.0,2019-12-16,2.0,17.0,19,,Algeria route,Western Mediterranean
52651.0,2019-12-10,1.0,6.0,7,3.0,Other,Other
52644.0,2019-12-06,1.0,,1,,Alboran route,Western Mediterranean
52820.0,2019-11-29,,70.0,70,,Central Mediterranean 3,Central Mediterranean
52633.0,2019-11-28,,3.0,3,,Central Mediterranean 3,Central Mediterranean
52635.0,2019-11-26,,73.0,73,,Alboran route,Western Mediterranean
52630.0,2019-11-26,4.0,19.0,23,58.0,Alboran route,Western Mediterranean
52626.0,2019-11-23,,13.0,13,47.0,Central Mediterranean 3,Central Mediterranean
52625.0,2019-11-23,5.0,21.0,26,149.0,Central Mediterranean 3,Central Mediterranean
52624.0,2019-11-22,6.0,,6,,Other,Other
52819.0,2019-11-21,,94.0,94,,Central Mediterranean 3,Central Mediterranean
52818.0,2019-11-20,,65.0,65,30.0,Central Mediterranean 3,Central Mediterranean
52642.0,2019-11-13,2.0,,2,,Other,Other
52602.0,2019-11-08,1.0,,1,,Alboran route,Western Mediterranean
52601.0,2019-11-07,1.0,,1,,Alboran route,Western Mediterranean
52522.0,2019-11-03,,1.0,1,88.0,Central Mediterranean 3,Central Mediterranean
52755.0,2019-11-01,1.0,,1,,Other,Other
52520.0,2019-10-31,2.0,,2,,Other,Other
52518.0,2019-10-28,1.0,,1,40.0,Eastern Mediterranean 1,Eastern Mediterranean
52514.0,2019-10-27,1.0,,1,,Algeria route,Western Mediterranean
52512.0,2019-10-23,1.0,1.0,2,32.0,Eastern Mediterranean 3,Eastern Mediterranean
52817.0,2019-10-19,,57.0,57,,Central Mediterranean 3,Central Mediterranean
52503.0,2019-10-18,1.0,,1,,Strait + goulf of Cadix route,Western Mediterranean
52491.0,2019-10-14,2.0,,2,33.0,Eastern Mediterranean 1,Eastern Mediterranean
52498.0,2019-10-07,,4.0,4,89.0,Central Mediterranean 3,Central Mediterranean
52483.0,2019-10-07,25.0,3.0,28,22.0,Central Mediterranean 3,Central Mediterranean
52480.0,2019-10-04,1.0,,1,65.0,Alboran route,Western Mediterranean
52462.0,2019-09-28,18.0,35.0,53,3.0,Strait + goulf of Cadix route,Western Mediterranean
52461.0,2019-09-28,1.0,,1,20.0,Algeria route,Western Mediterranean
52460.0,2019-09-27,1.0,,1,5.0,Algeria route,Western Mediterranean
52459.0,2019-09-27,7.0,,7,12.0,Other,Other
52458.0,2019-09-26,,7.0,7,3.0,Algeria route,Western Mediterranean
52463.0,2019-09-25,1.0,,1,,Central Mediterranean 3,Central Mediterranean
52456.0,2019-09-25,1.0,1.0,2,6.0,Algeria route,Western Mediterranean
52474.0,2019-09-24,,1.0,1,6.0,Algeria route,Western Mediterranean
52448.0,2019-09-20,,1.0,1,14.0,Eastern Mediterranean 3,Eastern Mediterranean
52447.0,2019-09-19,1.0,,1,,Central Mediterranean 3,Central Mediterranean
52445.0,2019-09-18,9.0,4.0,13,5.0,Other,Other
52457.0,2019-09-18,1.0,,1,1.0,Alboran route,Western Mediterranean
52440.0,2019-09-18,,4.0,4,6.0,Central Mediterranean 3,Central Mediterranean
52441.0,2019-09-17,1.0,,1,,Alboran route,Western Mediterranean
52439.0,2019-09-17,3.0,4.0,7,9.0,Central Mediterranean 3,Central Mediterranean
52438.0,2019-09-17,3.0,5.0,8,8.0,Algeria route,Western Mediterranean
52426.0,2019-09-13,,4.0,4,1.0,Other,Other
52779.0,2019-09-11,1.0,,1,,Other,Other
52754.0,2019-09-07,,1.0,1,16.0,Central Mediterranean 3,Central Mediterranean
51999.0,2019-09-06,1.0,,1,13.0,Eastern Mediterranean 2,Eastern Mediterranean
52432.0,2019-09-05,,4.0,4,,Alboran route,Western Mediterranean
52753.0,2019-09-04,1.0,,1,,Central Mediterranean 3,Central Mediterranean
51993.0,2019-09-03,,15.0,15,2.0,Algeria route,Western Mediterranean
51984.0,2019-09-01,1.0,,1,,Strait + goulf of Cadix route,Western Mediterranean
51980.0,2019-08-28,,7.0,7,100.0,Central Mediterranean 3,Central Mediterranean
52431.0,2019-08-27,1.0,,1,18.0,Central Mediterranean 3,Central Mediterranean
51978.0,2019-08-27,11.0,29.0,40,64.0,Central Mediterranean 3,Central Mediterranean
51973.0,2019-08-22,1.0,3.0,4,7.0,Other,Other
52816.0,2019-08-19,,100.0,100,3.0,Central Mediterranean 3,Central Mediterranean
51955.0,2019-08-17,1.0,1.0,2,278.0,Central Mediterranean 3,Central Mediterranean
51953.0,2019-08-13,1.0,13.0,14,1.0,Central Mediterranean 3,Central Mediterranean
51990.0,2019-08-09,1.0,,1,95.0,Central Mediterranean 3,Central Mediterranean
51938.0,2019-08-05,,2.0,2,49.0,Central Mediterranean 3,Central Mediterranean
51934.0,2019-08-02,1.0,,1,,Alboran route,Western Mediterranean
51983.0,2019-08-02,1.0,,1,,Strait + goulf of Cadix route,Western Mediterranean
51894.0,2019-07-25,75.0,75.0,150,134.0,Central Mediterranean 3,Central Mediterranean
51890.0,2019-07-24,1.0,,1,,Alboran route,Western Mediterranean
51889.0,2019-07-23,,1.0,1,8.0,Other,Other
51888.0,2019-07-23,1.0,,1,,Strait + goulf of Cadix route,Western Mediterranean
52752.0,2019-07-23,,8.0,8,,Other,Other
51900.0,2019-07-22,,1.0,1,,Strait + goulf of Cadix route,Western Mediterranean
51869.0,2019-07-16,1.0,,1,73.0,Alboran route,Western Mediterranean
51821.0,2019-07-03,83.0,,83,3.0,Central Mediterranean 3,Central Mediterranean
52815.0,2019-07-02,,60.0,60,,Central Mediterranean 3,Central Mediterranean
51813.0,2019-06-29,1.0,,1,,Alboran route,Western Mediterranean
51788.0,2019-06-19,,22.0,22,27.0,Alboran route,Western Mediterranean
51761.0,2019-06-17,12.0,,12,31.0,Eastern Mediterranean 3,Eastern Mediterranean
51755.0,2019-06-12,3.0,2.0,5,46.0,Alboran route,Western Mediterranean
51754.0,2019-06-11,7.0,,7,57.0,Eastern Mediterranean 1,Eastern Mediterranean
51785.0,2019-06-10,1.0,,1,7.0,Strait + goulf of Cadix route,Western Mediterranean
51780.0,2019-06-09,1.0,,1,,Algeria route,Western Mediterranean
51769.0,2019-06-07,3.0,,3,,Algeria route,Western Mediterranean
51767.0,2019-06-06,1.0,,1,,Algeria route,Western Mediterranean
51826.0,2019-06-02,1.0,,1,,Other,Other
51734.0,2019-06-02,2.0,25.0,27,73.0,Central Mediterranean 3,Central Mediterranean
51733.0,2019-05-29,,2.0,2,5.0,Strait + goulf of Cadix route,Western Mediterranean
51715.0,2019-05-23,,5.0,5,,Central Mediterranean 3,Central Mediterranean
51719.0,2019-05-23,1.0,,1,,Strait + goulf of Cadix route,Western Mediterranean
51710.0,2019-05-22,,3.0,3,69.0,Strait + goulf of Cadix route,Western Mediterranean
51718.0,2019-05-21,,1.0,1,8.0,Strait + goulf of Cadix route,Western Mediterranean
51693.0,2019-05-13,,5.0,5,3.0,Lebanon to Cyprus route,Lebanon to Cyprus route
52751.0,2019-05-12,1.0,,1,,Central Mediterranean 3,Central Mediterranean
51689.0,2019-05-10,4.0,55.0,59,16.0,Central Mediterranean 3,Central Mediterranean
51681.0,2019-05-08,2.0,,2,24.0,Strait + goulf of Cadix route,Western Mediterranean
51673.0,2019-05-04,1.0,,1,,Other,Other
51691.0,2019-05-03,1.0,,1,,Other,Other
51672.0,2019-05-03,9.0,3.0,12,5.0,Eastern Mediterranean 1,Eastern Mediterranean
51671.0,2019-05-02,1.0,,1,4.0,Strait + goulf of Cadix route,Western Mediterranean
51670.0,2019-05-02,,4.0,4,8.0,Strait + goulf of Cadix route,Western Mediterranean
51679.0,2019-05-01,,9.0,9,3.0,Strait + goulf of Cadix route,Western Mediterranean
51711.0,2019-05-01,1.0,,1,13.0,Eastern Mediterranean 3,Eastern Mediterranean
51649.0,2019-04-29,1.0,,1,,Strait + goulf of Cadix route,Western Mediterranean
51677.0,2019-04-22,,4.0,4,9.0,Strait + goulf of Cadix route,Western Mediterranean
51626.0,2019-04-14,1.0,,1,51.0,Eastern Mediterranean 2,Eastern Mediterranean
52749.0,2019-04-14,1.0,,1,,Central Mediterranean 3,Central Mediterranean
51623.0,2019-04-10,,1.0,1,19.0,Central Mediterranean 3,Central Mediterranean
51899.0,2019-04-07,2.0,,2,,Other,Other
51622.0,2019-04-07,1.0,,1,41.0,Eastern Mediterranean 1,Eastern Mediterranean
51898.0,2019-04-06,1.0,,1,,Other,Other
51601.0,2019-04-02,1.0,,1,,Alboran route,Western Mediterranean
51619.0,2019-04-01,,50.0,50,,Central Mediterranean 3,Central Mediterranean
51600.0,2019-04-01,1.0,,1,12.0,Strait + goulf of Cadix route,Western Mediterranean
51591.0,2019-03-28,,2.0,2,36.0,Cesme to Chios route,Eastern Mediterranean
51590.0,2019-03-26,1.0,,1,,Other,Other
51589.0,2019-03-26,1.0,,1,,Strait + goulf of Cadix route,Western Mediterranean
51588.0,2019-03-26,4.0,,4,11.0,Eastern Mediterranean 1,Eastern Mediterranean
51595.0,2019-03-23,,41.0,41,,Central Mediterranean 3,Central Mediterranean
51586.0,2019-03-23,5.0,3.0,8,,Central Mediterranean 3,Central Mediterranean
51594.0,2019-03-22,1.0,,1,,Alboran route,Western Mediterranean
51593.0,2019-03-19,1.0,,1,,Alboran route,Western Mediterranean
51548.0,2019-03-19,1.0,3.0,4,15.0,Central Mediterranean 3,Central Mediterranean
51546.0,2019-03-18,3.0,,3,52.0,Alboran route,Western Mediterranean
51544.0,2019-03-14,1.0,44.0,45,22.0,Alboran route,Western Mediterranean
51533.0,2019-03-10,1.0,,1,,Eastern Mediterranean 1,Eastern Mediterranean
51532.0,2019-03-10,1.0,,1,,Eastern Mediterranean 1,Eastern Mediterranean
51531.0,2019-03-09,1.0,,1,,Central Mediterranean 3,Central Mediterranean
51530.0,2019-03-08,,2.0,2,,Central Mediterranean 3,Central Mediterranean
51521.0,2019-03-07,3.0,,3,9.0,Eastern Mediterranean 2,Eastern Mediterranean
51514.0,2019-03-03,1.0,,1,,Strait + goulf of Cadix route,Western Mediterranean
51583.0,2019-02-28,2.0,4.0,6,,Strait + goulf of Cadix route,Western Mediterranean
51509.0,2019-02-25,1.0,,1,,Central Mediterranean 3,Central Mediterranean
51506.0,2019-02-24,1.0,,1,,Central Mediterranean 3,Central Mediterranean
51504.0,2019-02-21,1.0,,1,,Strait + goulf of Cadix route,Western Mediterranean
51494.0,2019-02-14,3.0,,3,,Other,Other
51477.0,2019-02-14,1.0,,1,,Strait + goulf of Cadix route,Western Mediterranean
51472.0,2019-02-13,,1.0,1,,Eastern Mediterranean 1,Eastern Mediterranean
51582.0,2019-02-11,,3.0,3,9.0,Strait + goulf of Cadix route,Western Mediterranean
51466.0,2019-02-09,2.0,3.0,5,13.0,Algeria route,Western Mediterranean
51511.0,2019-02-06,1.0,,1,,Other,Other
51460.0,2019-02-06,1.0,2.0,3,42.0,Strait + goulf of Cadix route,Western Mediterranean
49246.0,2019-01-24,1.0,,1,2.0,Other,Other
49247.0,2019-01-22,1.0,,1,,Algeria route,Western Mediterranean
49245.0,2019-01-21,1.0,,1,2.0,Other,Other
49242.0,2019-01-21,1.0,6.0,7,106.0,Central Mediterranean 3,Central Mediterranean
48354.0,2019-01-20,2.0,,2,141.0,Central Mediterranean 3,Central Mediterranean
48350.0,2019-01-18,,117.0,117,3.0,Central Mediterranean 3,Central Mediterranean
48353.0,2019-01-18,1.0,,1,53.0,Other,Other
48349.0,2019-01-17,,53.0,53,1.0,Alboran route,Western Mediterranean
52747.0,2019-01-15,1.0,,1,,Other,Other
48344.0,2019-01-15,1.0,,1,40.0,Eastern Mediterranean 2,Eastern Mediterranean
48346.0,2019-01-15,1.0,,1,,Alboran route,Western Mediterranean
48343.0,2019-01-14,5.0,,5,,Other,Other
48312.0,2019-01-13,5.0,,5,,Other,Other
52746.0,2019-01-12,1.0,,1,,Other,Other
48308.0,2019-01-11,1.0,,1,6.0,Alboran route,Western Mediterranean
52791.0,2019-01-09,1.0,,1,51.0,Egypt Greece Italy route,Egypt Grece Italy route
48342.0,2019-01-07,2.0,,2,,Other,Other
48307.0,2019-01-05,1.0,,1,,Alboran route,Western Mediterranean
48075.0,2019-01-04,1.0,,1,,Other,Other
52686.0,2019-01-04,2.0,,2,,Other,Other
52685.0,2019-01-03,3.0,,3,,Other,Other
48073.0,2019-01-02,6.0,,6,,Other,Other
48072.0,2019-01-02,1.0,,1,,Strait + goulf of Cadix route,Western Mediterranean
48071.0,2019-01-02,1.0,,1,67.0,Alboran route,Western Mediterranean
48087.0,2018-12-28,,7.0,7,1.0,Other,Other
48084.0,2018-12-24,4.0,,4,56.0,Alboran route,Western Mediterranean
48083.0,2018-12-23,,12.0,12,,Strait + goulf of Cadix route,Western Mediterranean
48082.0,2018-12-23,,2.0,2,69.0,Alboran route,Western Mediterranean
48081.0,2018-12-21,1.0,,1,,Strait + goulf of Cadix route,Western Mediterranean
48080.0,2018-12-20,8.0,12.0,20,9.0,Algeria route,Western Mediterranean
48079.0,2018-12-20,1.0,,1,56.0,Alboran route,Western Mediterranean
48070.0,2018-12-20,12.0,12.0,24,31.0,Alboran route,Western Mediterranean
48076.0,2018-12-18,8.0,,8,,Central Mediterranean 1,Central Mediterranean
48065.0,2018-12-18,1.0,,1,58.0,Alboran route,Western Mediterranean
46145.0,2018-12-11,2.0,,2,49.0,Alboran route,Western Mediterranean
48060.0,2018-12-06,1.0,,1,,Strait + goulf of Cadix route,Western Mediterranean
46131.0,2018-12-04,3.0,3.0,6,5.0,Other,Other
46130.0,2018-12-04,12.0,3.0,15,10.0,Central Mediterranean 3,Central Mediterranean
46116.0,2018-12-02,2.0,,2,32.0,Algeria route,Western Mediterranean
46123.0,2018-11-30,1.0,,1,,Central Mediterranean 1,Central Mediterranean
46110.0,2018-11-29,1.0,,1,56.0,Alboran route,Western Mediterranean
46106.0,2018-11-28,3.0,,3,90.0,Alboran route,Western Mediterranean
46096.0,2018-11-24,,1.0,1,13.0,Alboran route,Western Mediterranean
48063.0,2018-11-24,20.0,9.0,29,39.0,Alboran route,Western Mediterranean
46109.0,2018-11-22,1.0,6.0,7,11.0,Central Mediterranean 1,Central Mediterranean
46094.0,2018-11-22,1.0,13.0,14,42.0,Alboran route,Western Mediterranean
46086.0,2018-11-19,2.0,7.0,9,1.0,Strait + goulf of Cadix route,Western Mediterranean
46085.0,2018-11-19,1.0,,1,10.0,Eastern Mediterranean 3,Eastern Mediterranean
46079.0,2018-11-15,4.0,6.0,10,3.0,Central Mediterranean 1,Central Mediterranean
46072.0,2018-11-12,6.0,4.0,10,5.0,Eastern Mediterranean 1,Eastern Mediterranean
46069.0,2018-11-10,1.0,,1,,Strait + goulf of Cadix route,Western Mediterranean
46068.0,2018-11-10,2.0,,2,13.0,Alboran route,Western Mediterranean
46071.0,2018-11-10,,1.0,1,40.0,Central Mediterranean 3,Central Mediterranean
46122.0,2018-11-08,,5.0,5,,Central Mediterranean 1,Central Mediterranean
46057.0,2018-11-05,13.0,18.0,31,80.0,Alboran route,Western Mediterranean
46056.0,2018-11-05,23.0,,23,22.0,Strait + goulf of Cadix route,Western Mediterranean
46048.0,2018-10-29,1.0,,1,,Alboran route,Western Mediterranean
46039.0,2018-10-27,1.0,,1,12.0,Eastern Mediterranean 3,Eastern Mediterranean
46038.0,2018-10-27,1.0,,1,54.0,Alboran route,Western Mediterranean
46143.0,2018-10-27,,54.0,54,,Alboran route,Western Mediterranean
46037.0,2018-10-26,1.0,13.0,14,2.0,Alboran route,Western Mediterranean
46035.0,2018-10-25,2.0,,2,,Alboran route,Western Mediterranean
46026.0,2018-10-22,3.0,,3,31.0,Eastern Mediterranean 3,Eastern Mediterranean
46024.0,2018-10-21,2.0,,2,,Alboran route,Western Mediterranean
46023.0,2018-10-20,1.0,,1,,Alboran route,Western Mediterranean
46009.0,2018-10-15,1.0,,1,,Algeria route,Western Mediterranean
46013.0,2018-10-15,1.0,,1,38.0,Strait + goulf of Cadix route,Western Mediterranean
46008.0,2018-10-14,1.0,,1,,Algeria route,Western Mediterranean
45977.0,2018-10-12,3.0,17.0,20,35.0,Alboran route,Western Mediterranean
46007.0,2018-10-12,2.0,2.0,4,13.0,Algeria route,Western Mediterranean
46006.0,2018-10-12,2.0,,2,,Algeria route,Western Mediterranean
45976.0,2018-10-11,,2.0,2,9.0,Strait + goulf of Cadix route,Western Mediterranean
46000.0,2018-10-11,1.0,,1,,Algeria route,Western Mediterranean
45999.0,2018-10-11,1.0,,1,,Algeria route,Western Mediterranean
45997.0,2018-10-10,2.0,,2,,Algeria route,Western Mediterranean
45972.0,2018-10-08,8.0,26.0,34,1.0,Eastern Mediterranean 1,Eastern Mediterranean
45970.0,2018-10-07,1.0,5.0,6,5.0,Central Mediterranean 3,Central Mediterranean
45956.0,2018-10-01,15.0,19.0,34,26.0,Strait + goulf of Cadix route,Western Mediterranean
45958.0,2018-10-01,,1.0,1,,Central Mediterranean 3,Central Mediterranean
45954.0,2018-09-30,5.0,2.0,7,3.0,Evros and Rodopi route,Eastern Mediterranean
45952.0,2018-09-28,1.0,,1,,Alboran route,Western Mediterranean
45948.0,2018-09-25,1.0,,1,,Alboran route,Western Mediterranean
45947.0,2018-09-25,1.0,,1,24.0,Strait + goulf of Cadix route,Western Mediterranean
45941.0,2018-09-23,1.0,,1,16.0,Eastern Mediterranean 3,Eastern Mediterranean
45960.0,2018-09-23,1.0,,1,,Other,Other
45942.0,2018-09-22,1.0,,1,38.0,Lebanon to Cyprus route,Lebanon to Cyprus route
45945.0,2018-09-21,1.0,,1,,Strait + goulf of Cadix route,Western Mediterranean
45936.0,2018-09-20,1.0,,1,,Alboran route,Western Mediterranean
45933.0,2018-09-19,1.0,,1,56.0,Alboran route,Western Mediterranean
45932.0,2018-09-18,1.0,,1,,Alboran route,Western Mediterranean
45920.0,2018-09-17,2.0,1.0,3,16.0,Eastern Mediterranean 3,Eastern Mediterranean
45931.0,2018-09-17,1.0,,1,,Alboran route,Western Mediterranean
45919.0,2018-09-16,,1.0,1,54.0,Alboran route,Western Mediterranean
45929.0,2018-09-15,1.0,,1,,Alboran route,Western Mediterranean
45915.0,2018-09-13,1.0,,1,,Strait + goulf of Cadix route,Western Mediterranean
45918.0,2018-09-13,3.0,,3,,Alboran route,Western Mediterranean
45914.0,2018-09-11,1.0,,1,,Alboran route,Western Mediterranean
45913.0,2018-09-10,6.0,,6,,Alboran route,Western Mediterranean
45906.0,2018-09-05,,6.0,6,52.0,Alboran route,Western Mediterranean
45905.0,2018-09-05,5.0,,5,53.0,Alboran route,Western Mediterranean
46029.0,2018-09-03,,61.0,61,,Alboran route,Western Mediterranean
45904.0,2018-09-03,,5.0,5,30.0,Alboran route,Western Mediterranean
45917.0,2018-09-01,2.0,128.0,130,55.0,Central Mediterranean 3,Central Mediterranean
46028.0,2018-08-29,13.0,39.0,52,,Other,Other
45881.0,2018-08-24,1.0,1.0,2,,Alboran route,Western Mediterranean
45870.0,2018-08-22,2.0,,2,100.0,Central Mediterranean 3,Central Mediterranean
45869.0,2018-08-20,9.0,0.0,9,1.0,Other,Other
45854.0,2018-08-17,8.0,,8,14.0,Central Mediterranean 3,Central Mediterranean
45847.0,2018-08-10,1.0,1.0,2,66.0,Alboran route,Western Mediterranean
46027.0,2018-08-10,1.0,10.0,11,3.0,Other,Other
45835.0,2018-08-09,9.0,,9,4.0,Eastern Mediterranean 2,Eastern Mediterranean
45836.0,2018-08-07,1.0,,1,,Other,Other
45846.0,2018-08-07,1.0,,1,,Strait + goulf of Cadix route,Western Mediterranean
45817.0,2018-07-30,1.0,,1,2.0,Strait + goulf of Cadix route,Western Mediterranean
45795.0,2018-07-29,6.0,,6,10.0,Eastern Mediterranean 1,Eastern Mediterranean
45761.0,2018-07-25,2.0,,2,,Central Mediterranean 3,Central Mediterranean
45755.0,2018-07-24,,10.0,10,32.0,Alboran route,Western Mediterranean
45794.0,2018-07-20,,3.0,3,10.0,Algeria route,Western Mediterranean
45748.0,2018-07-19,2.0,,2,,Other,Other
45745.0,2018-07-18,19.0,25.0,44,103.0,Other,Other
45744.0,2018-07-17,2.0,,2,1.0,Central Mediterranean 3,Central Mediterranean
45743.0,2018-07-17,1.0,,1,164.0,Central Mediterranean 3,Central Mediterranean
45730.0,2018-07-15,,17.0,17,18.0,Central Mediterranean 3,Central Mediterranean
45729.0,2018-07-13,4.0,,4,,Central Mediterranean 3,Central Mediterranean
51475.0,2018-07-12,2.0,,2,4.0,Algeria route,Western Mediterranean
45721.0,2018-07-05,9.0,,9,,Other,Other
45718.0,2018-07-03,1.0,,1,,Strait + goulf of Cadix route,Western Mediterranean
45715.0,2018-07-03,6.0,,6,125.0,Central Mediterranean 3,Central Mediterranean
44938.0,2018-07-01,,114.0,114,16.0,Central Mediterranean 3,Central Mediterranean
44937.0,2018-06-29,3.0,101.0,104,16.0,Central Mediterranean 3,Central Mediterranean
44915.0,2018-06-24,,4.0,4,97.0,Central Mediterranean 3,Central Mediterranean
44916.0,2018-06-24,8.0,,8,,Central Mediterranean 3,Central Mediterranean
44911.0,2018-06-21,26.0,,26,,Central Mediterranean 3,Central Mediterranean
44907.0,2018-06-20,1.0,,1,82.0,Central Mediterranean 3,Central Mediterranean
44936.0,2018-06-20,,50.0,50,,Central Mediterranean 3,Central Mediterranean
44935.0,2018-06-19,,70.0,70,60.0,Central Mediterranean 3,Central Mediterranean
44932.0,2018-06-19,6.0,95.0,101,5.0,Central Mediterranean 3,Central Mediterranean
44903.0,2018-06-18,5.0,,5,115.0,Central Mediterranean 3,Central Mediterranean
44898.0,2018-06-17,1.0,,1,523.0,Central Mediterranean 3,Central Mediterranean
44897.0,2018-06-17,5.0,38.0,43,4.0,Alboran route,Western Mediterranean
44896.0,2018-06-15,4.0,,4,,Strait + goulf of Cadix route,Western Mediterranean
44895.0,2018-06-14,1.0,,1,11.0,Strait + goulf of Cadix route,Western Mediterranean
44894.0,2018-06-12,,76.0,76,41.0,Central Mediterranean 3,Central Mediterranean
44893.0,2018-06-11,2.0,,2,937.0,Central Mediterranean 3,Central Mediterranean
44871.0,2018-06-10,4.0,,4,49.0,Alboran route,Western Mediterranean
44892.0,2018-06-09,,2.0,2,229.0,Central Mediterranean 3,Central Mediterranean
44869.0,2018-06-08,,1.0,1,119.0,Central Mediterranean 3,Central Mediterranean
44902.0,2018-06-03,1.0,,1,,Other,Other
44834.0,2018-06-03,9.0,1.0,10,5.0,Other,Other
44833.0,2018-06-02,84.0,28.0,112,68.0,Central Mediterranean 3,Central Mediterranean
44836.0,2018-06-02,2.0,,2,,Strait + goulf of Cadix route,Western Mediterranean
44835.0,2018-06-02,,1.0,1,41.0,Other,Other
44832.0,2018-05-29,1.0,1.0,2,3.0,Strait + goulf of Cadix route,Western Mediterranean
44822.0,2018-05-26,1.0,,1,,Central Mediterranean 3,Central Mediterranean
44830.0,2018-05-25,,5.0,5,400.0,Central Mediterranean 3,Central Mediterranean
44819.0,2018-05-24,4.0,14.0,18,12.0,Strait + goulf of Cadix route,Western Mediterranean
44806.0,2018-05-14,7.0,,7,12.0,Eastern Mediterranean 1,Eastern Mediterranean
44800.0,2018-05-13,9.0,,9,,Other,Other
44807.0,2018-05-12,1.0,,1,,Central Mediterranean 3,Central Mediterranean
45713.0,2018-05-10,1.0,,1,,Alboran route,Western Mediterranean
44787.0,2018-05-06,1.0,3.0,4,114.0,Central Mediterranean 3,Central Mediterranean
44783.0,2018-04-30,1.0,,1,,Other,Other
44782.0,2018-04-30,2.0,,2,,Other,Other
44784.0,2018-04-30,6.0,,6,,Central Mediterranean 3,Central Mediterranean
44775.0,2018-04-29,17.0,2.0,19,19.0,Algeria route,Western Mediterranean
44773.0,2018-04-25,5.0,12.0,17,17.0,Alboran route,Western Mediterranean
44770.0,2018-04-22,11.0,,11,,Central Mediterranean 3,Central Mediterranean
44761.0,2018-04-14,1.0,,1,,Strait + goulf of Cadix route,Western Mediterranean
44760.0,2018-04-13,1.0,,1,,Strait + goulf of Cadix route,Western Mediterranean
44753.0,2018-04-09,6.0,30.0,36,10.0,Strait + goulf of Cadix route,Western Mediterranean
44711.0,2018-04-06,1.0,,1,,Strait + goulf of Cadix route,Western Mediterranean
44710.0,2018-04-02,1.0,,1,,Other,Other
44693.0,2018-04-01,7.0,4.0,11,1.0,Strait + goulf of Cadix route,Western Mediterranean
44709.0,2018-04-01,1.0,,1,,Algeria route,Western Mediterranean
44694.0,2018-04-01,1.0,,1,,Alboran route,Western Mediterranean
44708.0,2018-03-31,1.0,,1,,Other,Other
44692.0,2018-03-29,,7.0,7,,Strait + goulf of Cadix route,Western Mediterranean
44676.0,2018-03-20,1.0,,1,,Central Mediterranean 3,Central Mediterranean
44671.0,2018-03-18,1.0,,1,,Strait + goulf of Cadix route,Western Mediterranean
44669.0,2018-03-17,16.0,3.0,19,3.0,Eastern Mediterranean 2,Eastern Mediterranean
44665.0,2018-03-15,12.0,,12,22.0,Alboran route,Western Mediterranean
44661.0,2018-03-12,1.0,,1,,Other,Other
44672.0,2018-03-08,1.0,,1,,Strait + goulf of Cadix route,Western Mediterranean
44643.0,2018-03-03,3.0,,3,2.0,Strait + goulf of Cadix route,Western Mediterranean
44648.0,2018-03-03,,21.0,21,30.0,Central Mediterranean 3,Central Mediterranean
44664.0,2018-02-28,1.0,,1,,Other,Other
44624.0,2018-02-26,1.0,,1,,Strait + goulf of Cadix route,Western Mediterranean
44623.0,2018-02-25,1.0,,1,,Other,Other
44622.0,2018-02-21,2.0,,2,,Other,Other
44600.0,2018-02-19,1.0,,1,,Central Mediterranean 3,Central Mediterranean
44599.0,2018-02-18,2.0,,2,,Other,Other
44423.0,2018-02-17,1.0,,1,,Algeria route,Western Mediterranean
44655.0,2018-02-16,1.0,,1,,Central Mediterranean 3,Central Mediterranean
44654.0,2018-02-16,1.0,,1,,Central Mediterranean 3,Central Mediterranean
44422.0,2018-02-16,1.0,,1,,Algeria route,Western Mediterranean
44653.0,2018-02-15,11.0,,11,,Central Mediterranean 3,Central Mediterranean
44421.0,2018-02-15,2.0,,2,,Algeria route,Western Mediterranean
44420.0,2018-02-15,1.0,,1,,Other,Other
44419.0,2018-02-14,2.0,,2,,Other,Other
44412.0,2018-02-13,1.0,,1,,Algeria route,Western Mediterranean
44405.0,2018-02-12,1.0,,1,,Strait + goulf of Cadix route,Western Mediterranean
44409.0,2018-02-12,1.0,,1,,Other,Other
44404.0,2018-02-11,1.0,,1,,Algeria route,Western Mediterranean
44403.0,2018-02-11,,5.0,5,29.0,Alboran route,Western Mediterranean
44407.0,2018-02-10,1.0,,1,,Other,Other
44652.0,2018-02-09,7.0,,7,,Central Mediterranean 3,Central Mediterranean
44401.0,2018-02-09,3.0,,3,32.0,Alboran route,Western Mediterranean
44400.0,2018-02-08,1.0,,1,,Algeria route,Western Mediterranean
44384.0,2018-02-03,21.0,26.0,47,1.0,Alboran route,Western Mediterranean
45874.0,2018-02-01,1.0,,1,,Eastern Mediterranean 1,Eastern Mediterranean
44382.0,2018-02-01,14.0,86.0,100,3.0,Central Mediterranean 3,Central Mediterranean
44364.0,2018-01-28,1.0,,1,,Other,Other
44116.0,2018-01-27,2.0,32.0,34,96.0,Central Mediterranean 3,Central Mediterranean
44113.0,2018-01-26,2.0,,2,,Algeria route,Western Mediterranean
44110.0,2018-01-23,,1.0,1,,Algeria route,Western Mediterranean
44109.0,2018-01-23,3.0,,3,57.0,Alboran route,Western Mediterranean
44106.0,2018-01-21,1.0,,1,,Other,Other
44103.0,2018-01-20,2.0,,2,34.0,Alboran route,Western Mediterranean
44097.0,2018-01-16,2.0,,2,17.0,Algeria route,Western Mediterranean
44096.0,2018-01-16,3.0,,3,,Central Mediterranean 3,Central Mediterranean
44091.0,2018-01-13,1.0,,1,,Algeria route,Western Mediterranean
44090.0,2018-01-12,1.0,,1,,Other,Other
44087.0,2018-01-09,3.0,8.0,11,43.0,Strait + goulf of Cadix route,Western Mediterranean
44086.0,2018-01-09,,100.0,100,16.0,Central Mediterranean 3,Central Mediterranean
44080.0,2018-01-07,2.0,10.0,12,270.0,Central Mediterranean 3,Central Mediterranean
44079.0,2018-01-06,8.0,56.0,64,86.0,Central Mediterranean 3,Central Mediterranean
44078.0,2018-01-05,4.0,,4,4.0,Strait + goulf of Cadix route,Western Mediterranean
44077.0,2018-01-04,1.0,,1,,Strait + goulf of Cadix route,Western Mediterranean
44074.0,2017-12-25,1.0,,1,,Eastern Mediterranean 1,Eastern Mediterranean
44071.0,2017-12-22,1.0,,1,,Central Mediterranean 3,Central Mediterranean
44070.0,2017-12-22,1.0,,1,,Strait + goulf of Cadix route,Western Mediterranean
44036.0,2017-12-16,,3.0,3,20.0,Strait + goulf of Cadix route,Western Mediterranean
44050.0,2017-12-15,1.0,,1,4.0,Other,Other
44027.0,2017-12-14,1.0,,1,68.0,Alboran route,Western Mediterranean
44026.0,2017-12-13,,2.0,2,31.0,Alboran route,Western Mediterranean
44035.0,2017-12-08,3.0,5.0,8,4.0,Central Mediterranean 1,Central Mediterranean
44011.0,2017-12-04,3.0,,3,40.0,Strait + goulf of Cadix route,Western Mediterranean
44034.0,2017-12-04,1.0,,1,,Algeria route,Western Mediterranean
44012.0,2017-12-04,1.0,,1,35.0,Alboran route,Western Mediterranean
44033.0,2017-12-03,,3.0,3,18.0,Strait + goulf of Cadix route,Western Mediterranean
44009.0,2017-11-30,,28.0,28,6.0,Strait + goulf of Cadix route,Western Mediterranean
44004.0,2017-11-29,3.0,1.0,4,2.0,Strait + goulf of Cadix route,Western Mediterranean
44002.0,2017-11-28,1.0,,1,,Strait + goulf of Cadix route,Western Mediterranean
44018.0,2017-11-27,1.0,,1,,Alboran route,Western Mediterranean
43997.0,2017-11-25,31.0,,31,,Other,Other
44001.0,2017-11-25,1.0,,1,66.0,Eastern Mediterranean 1,Eastern Mediterranean
44000.0,2017-11-25,6.0,,6,,Strait + goulf of Cadix route,Western Mediterranean
43999.0,2017-11-25,1.0,,1,,Strait + goulf of Cadix route,Western Mediterranean
43998.0,2017-11-25,1.0,,1,,Strait + goulf of Cadix route,Western Mediterranean
44031.0,2017-11-24,1.0,,1,,Algeria route,Western Mediterranean
43993.0,2017-11-23,1.0,20.0,21,,Central Mediterranean 3,Central Mediterranean
44030.0,2017-11-23,1.0,,1,,Algeria route,Western Mediterranean
43992.0,2017-11-22,,6.0,6,107.0,Central Mediterranean 3,Central Mediterranean
44029.0,2017-11-22,1.0,,1,,Algeria route,Western Mediterranean
43984.0,2017-11-19,3.0,1.0,4,,Strait + goulf of Cadix route,Western Mediterranean
44028.0,2017-11-17,1.0,,1,,Algeria route,Western Mediterranean
44015.0,2017-11-16,1.0,,1,,Central Mediterranean 3,Central Mediterranean
43976.0,2017-11-12,2.0,,2,,Central Mediterranean 3,Central Mediterranean
43986.0,2017-11-11,1.0,,1,,Eastern Mediterranean 1,Eastern Mediterranean
43972.0,2017-11-11,1.0,,1,,Eastern Mediterranean 1,Eastern Mediterranean
43969.0,2017-11-09,2.0,,2,,Strait + goulf of Cadix route,Western Mediterranean
43971.0,2017-11-09,1.0,,1,,Eastern Mediterranean 1,Eastern Mediterranean
43962.0,2017-11-07,1.0,,1,10.0,Strait + goulf of Cadix route,Western Mediterranean
43970.0,2017-11-06,1.0,,1,,Eastern Mediterranean 1,Eastern Mediterranean
43964.0,2017-11-06,5.0,29.0,34,106.0,Central Mediterranean 3,Central Mediterranean
43924.0,2017-11-04,1.0,,1,,Strait + goulf of Cadix route,Western Mediterranean
43923.0,2017-11-03,3.0,11.0,14,,Central Mediterranean 3,Central Mediterranean
43922.0,2017-11-03,23.0,53.0,76,64.0,Central Mediterranean 3,Central Mediterranean
43921.0,2017-11-03,3.0,7.0,10,15.0,Eastern Mediterranean 3,Eastern Mediterranean
43912.0,2017-11-01,8.0,,8,142.0,Central Mediterranean 3,Central Mediterranean
43911.0,2017-10-30,2.0,,2,12.0,Algeria route,Western Mediterranean
43910.0,2017-10-29,2.0,3.0,5,48.0,Strait + goulf of Cadix route,Western Mediterranean
43899.0,2017-10-26,1.0,,1,,Alboran route,Western Mediterranean
44603.0,2017-10-22,1.0,,1,17.0,Alboran route,Western Mediterranean
43894.0,2017-10-22,1.0,,1,17.0,Alboran route,Western Mediterranean
43893.0,2017-10-22,8.0,,8,,Central Mediterranean 3,Central Mediterranean
43891.0,2017-10-19,1.0,,1,,Central Mediterranean 3,Central Mediterranean
43870.0,2017-10-16,1.0,,1,,Central Mediterranean 3,Central Mediterranean
43864.0,2017-10-15,1.0,,1,23.0,Central Mediterranean 3,Central Mediterranean
43898.0,2017-10-13,28.0,,28,,Central Mediterranean 3,Central Mediterranean
44595.0,2017-10-11,4.0,,4,,Central Mediterranean 3,Central Mediterranean
43857.0,2017-10-08,46.0,3.0,49,38.0,Central Mediterranean 3,Central Mediterranean
43848.0,2017-10-03,,68.0,68,,Central Mediterranean 3,Central Mediterranean
43836.0,2017-10-01,2.0,,2,,Central Mediterranean 3,Central Mediterranean
44596.0,2017-10-01,3.0,,3,,Central Mediterranean 3,Central Mediterranean
43835.0,2017-10-01,1.0,,1,,Central Mediterranean 3,Central Mediterranean
43868.0,2017-09-30,1.0,,1,,Central Mediterranean 3,Central Mediterranean
43830.0,2017-09-28,1.0,,1,5.0,Kas to Kastellorizo,Eastern Mediterranean
43770.0,2017-09-24,2.0,,2,4.0,Alboran route,Western Mediterranean
43764.0,2017-09-20,7.0,90.0,97,40.0,Central Mediterranean 3,Central Mediterranean
43691.0,2017-09-15,3.0,,3,139.0,Central Mediterranean 3,Central Mediterranean
43685.0,2017-09-13,1.0,6.0,7,3.0,Alboran route,Western Mediterranean
43681.0,2017-09-11,,3.0,3,4.0,Strait + goulf of Cadix route,Western Mediterranean
43680.0,2017-09-11,1.0,,1,,Central Mediterranean 3,Central Mediterranean
42398.0,2017-08-31,7.0,,7,13.0,Alboran route,Western Mediterranean
42397.0,2017-08-30,,120.0,120,1.0,Central Mediterranean 3,Central Mediterranean
43670.0,2017-08-27,5.0,,5,,Central Mediterranean 3,Central Mediterranean
35482.0,2017-08-09,1.0,,1,11.0,Strait + goulf of Cadix route,Western Mediterranean
35488.0,2017-08-07,2.0,,2,,Central Mediterranean 3,Central Mediterranean
35473.0,2017-08-06,8.0,,8,,Central Mediterranean 3,Central Mediterranean
35467.0,2017-08-01,8.0,,8,119.0,Central Mediterranean 3,Central Mediterranean
35466.0,2017-07-31,1.0,,1,,Strait + goulf of Cadix route,Western Mediterranean
35443.0,2017-07-27,8.0,,8,9.0,Cesme to Chios route,Eastern Mediterranean
35476.0,2017-07-25,2.0,,2,,Other,Other
35439.0,2017-07-25,13.0,3.0,16,,Central Mediterranean 3,Central Mediterranean
35426.0,2017-07-20,1.0,,1,,Central Mediterranean 3,Central Mediterranean
30167.0,2017-07-16,1.0,,1,,Algeria route,Western Mediterranean
30160.0,2017-07-15,1.0,,1,,Other,Other
30654.0,2017-07-12,1.0,,1,,Other,Other
31132.0,2017-07-11,3.0,,3,48.0,Alboran route,Western Mediterranean
31130.0,2017-07-10,1.0,,1,,Other,Other
31128.0,2017-07-08,,35.0,35,65.0,Central Mediterranean 3,Central Mediterranean
31121.0,2017-07-04,,49.0,49,3.0,Alboran route,Western Mediterranean
31120.0,2017-07-03,4.0,,4,,Central Mediterranean 3,Central Mediterranean
31118.0,2017-07-01,9.0,,9,,Central Mediterranean 3,Central Mediterranean
31114.0,2017-06-30,,60.0,60,80.0,Central Mediterranean 3,Central Mediterranean
31117.0,2017-06-30,10.0,,10,,Central Mediterranean 3,Central Mediterranean
31115.0,2017-06-30,1.0,,1,,Central Mediterranean 3,Central Mediterranean
31110.0,2017-06-29,1.0,,1,,Central Mediterranean 3,Central Mediterranean
31106.0,2017-06-28,2.0,,2,,Central Mediterranean 3,Central Mediterranean
31105.0,2017-06-28,1.0,,1,,Central Mediterranean 3,Central Mediterranean
31104.0,2017-06-28,29.0,,29,,Other,Other
31109.0,2017-06-28,2.0,,2,,Central Mediterranean 3,Central Mediterranean
44597.0,2017-06-27,1.0,,1,,Central Mediterranean 3,Central Mediterranean
31101.0,2017-06-27,7.0,,7,,Central Mediterranean 3,Central Mediterranean
31093.0,2017-06-26,1.0,,1,,Central Mediterranean 3,Central Mediterranean
31092.0,2017-06-26,3.0,,3,,Other,Other
31089.0,2017-06-25,2.0,,2,229.0,Other,Other
31087.0,2017-06-24,1.0,,1,,Other,Other
31086.0,2017-06-22,1.0,,1,71.0,Central Mediterranean 3,Central Mediterranean
31084.0,2017-06-21,5.0,,5,,Other,Other
31083.0,2017-06-21,18.0,,18,2.0,Other,Other
31077.0,2017-06-20,1.0,,1,,Strait + goulf of Cadix route,Western Mediterranean
31076.0,2017-06-20,3.0,,3,,Central Mediterranean 3,Central Mediterranean
31075.0,2017-06-19,,7.0,7,,Central Mediterranean 3,Central Mediterranean
31072.0,2017-06-18,9.0,,9,,Central Mediterranean 3,Central Mediterranean
31071.0,2017-06-18,7.0,,7,,Central Mediterranean 3,Central Mediterranean
31061.0,2017-06-17,,,0,,Central Mediterranean 3,Central Mediterranean
31060.0,2017-06-17,,,0,,Central Mediterranean 3,Central Mediterranean
31059.0,2017-06-17,5.0,,5,135.0,Central Mediterranean 3,Central Mediterranean
31058.0,2017-06-17,,110.0,110,25.0,Central Mediterranean 3,Central Mediterranean
31062.0,2017-06-17,2.0,,2,,Central Mediterranean 3,Central Mediterranean
31057.0,2017-06-16,8.0,,8,,Central Mediterranean 3,Central Mediterranean
31056.0,2017-06-16,5.0,,5,,Algeria route,Western Mediterranean
31050.0,2017-06-15,,126.0,126,4.0,Other,Other
31049.0,2017-06-15,4.0,,4,,Central Mediterranean 3,Central Mediterranean
31048.0,2017-06-15,3.0,,3,,Other,Other
31044.0,2017-06-13,1.0,,1,,Central Mediterranean 3,Central Mediterranean
31043.0,2017-06-13,1.0,,1,,Central Mediterranean 3,Central Mediterranean
35432.0,2017-06-12,2.0,,2,,Alboran route,Western Mediterranean
31042.0,2017-06-12,2.0,,2,,Other,Other
31034.0,2017-06-10,8.0,,8,,Other,Other
31038.0,2017-06-10,1.0,,1,,Central Mediterranean 3,Central Mediterranean
31037.0,2017-06-10,1.0,,1,,Central Mediterranean 3,Central Mediterranean
31036.0,2017-06-10,8.0,,8,,Central Mediterranean 3,Central Mediterranean
31035.0,2017-06-10,,52.0,52,79.0,Central Mediterranean 3,Central Mediterranean
31033.0,2017-06-09,1.0,,1,,Other,Other
31031.0,2017-06-09,1.0,,1,,Algeria route,Western Mediterranean
31030.0,2017-06-09,1.0,,1,,Alboran route,Western Mediterranean
31022.0,2017-06-04,19.0,,19,,Central Mediterranean 3,Central Mediterranean
31023.0,2017-06-04,2.0,,2,,Central Mediterranean 3,Central Mediterranean
31020.0,2017-06-03,4.0,,4,125.0,Central Mediterranean 3,Central Mediterranean
31017.0,2017-05-31,13.0,,13,,Central Mediterranean 3,Central Mediterranean
44577.0,2017-05-29,,10.0,10,,Central Mediterranean 3,Central Mediterranean
31007.0,2017-05-29,10.0,10.0,20,,Central Mediterranean 3,Central Mediterranean
31000.0,2017-05-27,1.0,,1,126.0,Central Mediterranean 3,Central Mediterranean
30999.0,2017-05-27,33.0,24.0,57,,Central Mediterranean 3,Central Mediterranean
30998.0,2017-05-27,2.0,18.0,20,,Central Mediterranean 3,Central Mediterranean
31005.0,2017-05-27,7.0,,7,,Central Mediterranean 3,Central Mediterranean
30997.0,2017-05-26,1.0,,1,,Central Mediterranean 3,Central Mediterranean
30994.0,2017-05-26,,82.0,82,,Central Mediterranean 3,Central Mediterranean
30993.0,2017-05-26,1.0,,1,,Central Mediterranean 3,Central Mediterranean
30992.0,2017-05-25,2.0,,2,,Central Mediterranean 3,Central Mediterranean
43761.0,2017-05-24,1.0,,1,,Central Mediterranean 3,Central Mediterranean
30979.0,2017-05-19,,1.0,1,24.0,Alboran route,Western Mediterranean
30978.0,2017-05-19,1.0,1.0,2,,Central Mediterranean 3,Central Mediterranean
30981.0,2017-05-19,,156.0,156,4.0,Central Mediterranean 3,Central Mediterranean
30975.0,2017-05-17,2.0,,2,,Other,Other
30974.0,2017-05-16,2.0,,2,,Central Mediterranean 3,Central Mediterranean
30973.0,2017-05-16,1.0,,1,,Other,Other
30972.0,2017-05-16,1.0,,1,,Central Mediterranean 3,Central Mediterranean
30970.0,2017-05-15,,1.0,1,6.0,Strait + goulf of Cadix route,Western Mediterranean
30969.0,2017-05-15,7.0,13.0,20,484.0,Central Mediterranean 3,Central Mediterranean
30958.0,2017-05-08,11.0,,11,,Other,Other
30957.0,2017-05-07,,102.0,102,7.0,Other,Other
30956.0,2017-05-07,,82.0,82,50.0,Central Mediterranean 3,Central Mediterranean
30949.0,2017-05-04,1.0,,1,,Other,Other
30948.0,2017-05-03,19.0,,19,,Other,Other
30942.0,2017-05-02,1.0,,1,,Central Mediterranean 3,Central Mediterranean
30941.0,2017-05-01,6.0,,6,,Central Mediterranean 3,Central Mediterranean
30938.0,2017-04-26,1.0,,1,,Other,Other
30931.0,2017-04-24,16.0,7.0,23,2.0,Eastern Mediterranean 1,Eastern Mediterranean
30930.0,2017-04-23,1.0,,1,,Central Mediterranean 3,Central Mediterranean
30919.0,2017-04-18,,10.0,10,,Central Mediterranean 3,Central Mediterranean
30918.0,2017-04-18,4.0,,4,,Central Mediterranean 3,Central Mediterranean
30917.0,2017-04-18,,30.0,30,,Central Mediterranean 3,Central Mediterranean
30923.0,2017-04-18,,35.0,35,,Central Mediterranean 3,Central Mediterranean
30922.0,2017-04-18,28.0,,28,,Other,Other
30921.0,2017-04-18,,17.0,17,,Central Mediterranean 3,Central Mediterranean
30920.0,2017-04-18,,7.0,7,,Central Mediterranean 3,Central Mediterranean
30915.0,2017-04-16,7.0,,7,,Central Mediterranean 3,Central Mediterranean
30914.0,2017-04-16,2.0,,2,,Central Mediterranean 3,Central Mediterranean
30913.0,2017-04-16,13.0,20.0,33,,Central Mediterranean 3,Central Mediterranean
30912.0,2017-04-15,5.0,,5,101.0,Other,Other
35431.0,2017-04-14,1.0,,1,,Strait + goulf of Cadix route,Western Mediterranean
30911.0,2017-04-13,,97.0,97,23.0,Other,Other
43867.0,2017-04-12,,5.0,5,6.0,Strait + goulf of Cadix route,Western Mediterranean
30907.0,2017-04-11,3.0,,3,32.0,Alboran route,Western Mediterranean
30905.0,2017-04-07,1.0,,1,,Other,Other
30904.0,2017-04-07,1.0,,1,148.0,Central Mediterranean 3,Central Mediterranean
30901.0,2017-04-02,1.0,,1,,Eastern Mediterranean 1,Eastern Mediterranean
30897.0,2017-03-29,3.0,,3,,Other,Other
30896.0,2017-03-28,4.0,,4,85.0,Other,Other
30895.0,2017-03-28,1.0,5.0,6,141.0,Other,Other
30892.0,2017-03-26,1.0,,1,,Other,Other
30891.0,2017-03-26,1.0,,1,,Central Mediterranean 3,Central Mediterranean
30888.0,2017-03-25,1.0,,1,,Other,Other
30885.0,2017-03-24,1.0,,1,,Central Mediterranean 3,Central Mediterranean
30884.0,2017-03-24,3.0,1.0,4,3.0,Strait + goulf of Cadix route,Western Mediterranean
30883.0,2017-03-24,11.0,,11,9.0,Eastern Mediterranean 2,Eastern Mediterranean
30880.0,2017-03-23,5.0,,5,,Central Mediterranean 3,Central Mediterranean
30881.0,2017-03-23,,130.0,130,,Central Mediterranean 3,Central Mediterranean
30879.0,2017-03-22,1.0,,1,,Central Mediterranean 3,Central Mediterranean
30878.0,2017-03-21,2.0,66.0,68,54.0,Central Mediterranean 3,Central Mediterranean
30872.0,2017-03-20,10.0,,10,,Central Mediterranean 3,Central Mediterranean
30871.0,2017-03-19,3.0,,3,215.0,Central Mediterranean 3,Central Mediterranean
44569.0,2017-03-19,,10.0,10,117.0,Central Mediterranean 3,Central Mediterranean
30868.0,2017-03-18,,8.0,8,,Central Mediterranean 3,Central Mediterranean
30862.0,2017-03-11,1.0,,1,,Other,Other
30859.0,2017-03-09,11.0,,11,,Other,Other
30858.0,2017-03-08,3.0,,3,,Central Mediterranean 3,Central Mediterranean
30853.0,2017-03-04,,6.0,6,178.0,Central Mediterranean 3,Central Mediterranean
30852.0,2017-03-03,,25.0,25,115.0,Central Mediterranean 3,Central Mediterranean
30851.0,2017-03-03,1.0,,1,,Central Mediterranean 3,Central Mediterranean
30850.0,2017-03-03,1.0,,1,,Central Mediterranean 3,Central Mediterranean
30849.0,2017-03-03,1.0,,1,,Strait + goulf of Cadix route,Western Mediterranean
30848.0,2017-03-02,1.0,,1,,Strait + goulf of Cadix route,Western Mediterranean
30847.0,2017-03-01,1.0,,1,,Strait + goulf of Cadix route,Western Mediterranean
30841.0,2017-02-26,1.0,,1,,Strait + goulf of Cadix route,Western Mediterranean
30840.0,2017-02-26,1.0,,1,,Other,Other
30833.0,2017-02-23,14.0,,14,400.0,Central Mediterranean 3,Central Mediterranean
30836.0,2017-02-23,1.0,,1,,Strait + goulf of Cadix route,Western Mediterranean
30823.0,2017-02-20,74.0,,74,,Other,Other
30820.0,2017-02-19,,118.0,118,,Central Mediterranean 3,Central Mediterranean
30819.0,2017-02-19,6.0,,6,,Other,Other
30808.0,2017-02-15,,9.0,9,2.0,Strait + goulf of Cadix route,Western Mediterranean
30796.0,2017-02-12,,2.0,2,3.0,Strait + goulf of Cadix route,Western Mediterranean
30782.0,2017-02-06,1.0,,1,,Other,Other
30779.0,2017-02-05,1.0,,1,45.0,Eastern Mediterranean 1,Eastern Mediterranean
30775.0,2017-02-04,,3.0,3,113.0,Other,Other
30763.0,2017-01-30,,3.0,3,11.0,Alboran route,Western Mediterranean
30759.0,2017-01-29,1.0,1.0,2,,Other,Other
30758.0,2017-01-28,2.0,,2,151.0,Central Mediterranean 3,Central Mediterranean
30756.0,2017-01-27,1.0,2.0,3,299.0,Other,Other
30750.0,2017-01-24,10.0,,10,,Central Mediterranean 3,Central Mediterranean
30739.0,2017-01-21,5.0,,5,,Other,Other
30740.0,2017-01-21,1.0,,1,,Central Mediterranean 3,Central Mediterranean
30706.0,2017-01-15,1.0,,1,,Eastern Mediterranean 2,Eastern Mediterranean
30698.0,2017-01-14,1.0,,1,7.0,Strait + goulf of Cadix route,Western Mediterranean
30697.0,2017-01-14,8.0,7.0,15,4.0,Strait + goulf of Cadix route,Western Mediterranean
30696.0,2017-01-14,,3.0,3,,Alboran route,Western Mediterranean
30695.0,2017-01-14,1.0,,1,2.0,Alboran route,Western Mediterranean
30694.0,2017-01-14,4.0,172.0,176,4.0,Central Mediterranean 3,Central Mediterranean
30707.0,2017-01-13,2.0,,2,193.0,Central Mediterranean 3,Central Mediterranean
30686.0,2017-01-13,3.0,,3,,Central Mediterranean 3,Central Mediterranean
30684.0,2017-01-12,14.0,,14,,Central Mediterranean 3,Central Mediterranean
30679.0,2017-01-10,1.0,,1,,Other,Other
30665.0,2017-01-04,3.0,,3,45.0,Alboran route,Western Mediterranean
30664.0,2017-01-04,5.0,,5,,Central Mediterranean 3,Central Mediterranean
30659.0,2017-01-02,1.0,,1,,Central Mediterranean 3,Central Mediterranean
30656.0,2017-01-01,2.0,,2,,Strait + goulf of Cadix route,Western Mediterranean
43026.0,2016-12-31,2.0,,2,,Central Mediterranean 3,Central Mediterranean
43025.0,2016-12-24,1.0,,1,8.0,Central Mediterranean 2,Central Mediterranean
43024.0,2016-12-23,5.0,56.0,61,62.0,Other,Other
42799.0,2016-12-22,7.0,40.0,47,80.0,Central Mediterranean 2,Central Mediterranean
42798.0,2016-12-22,1.0,57.0,58,63.0,Central Mediterranean 2,Central Mediterranean
42801.0,2016-12-21,7.0,,7,300.0,Central Mediterranean 2,Central Mediterranean
42782.0,2016-12-19,5.0,,5,8.0,Eastern Mediterranean 1,Eastern Mediterranean
43022.0,2016-12-14,,20.0,20,,Central Mediterranean 2,Central Mediterranean
43019.0,2016-12-13,2.0,,2,,Central Mediterranean 3,Central Mediterranean
43021.0,2016-12-13,,87.0,87,27.0,Other,Other
43020.0,2016-12-13,2.0,1.0,3,,Central Mediterranean 3,Central Mediterranean
43018.0,2016-12-11,15.0,,15,,Other,Other
42783.0,2016-12-11,6.0,,6,165.0,Central Mediterranean 3,Central Mediterranean
43017.0,2016-12-10,8.0,,8,,Other,Other
43016.0,2016-12-09,2.0,,2,,Central Mediterranean 3,Central Mediterranean
43015.0,2016-12-09,1.0,,1,,Central Mediterranean 3,Central Mediterranean
43014.0,2016-12-08,10.0,,10,,Other,Other
42770.0,2016-12-07,2.0,,2,,Central Mediterranean 3,Central Mediterranean
42800.0,2016-12-07,7.0,,7,38.0,Alboran route,Western Mediterranean
43013.0,2016-12-06,5.0,,5,,Other,Other
42787.0,2016-12-05,11.0,,11,,Central Mediterranean 3,Central Mediterranean
43012.0,2016-12-04,4.0,,4,140.0,Central Mediterranean 3,Central Mediterranean
42779.0,2016-12-04,2.0,,2,,Central Mediterranean 3,Central Mediterranean
43011.0,2016-12-04,14.0,6.0,20,120.0,Central Mediterranean 3,Central Mediterranean
42764.0,2016-11-26,8.0,,8,1.0,Central Mediterranean 3,Central Mediterranean
42771.0,2016-11-25,1.0,,1,,Strait + goulf of Cadix route,Western Mediterranean
42769.0,2016-11-23,2.0,26.0,28,,Central Mediterranean 3,Central Mediterranean
42755.0,2016-11-22,7.0,,7,,Central Mediterranean 3,Central Mediterranean
42745.0,2016-11-18,6.0,3.0,9,4.0,Other,Other
43009.0,2016-11-17,,25.0,25,,Central Mediterranean 3,Central Mediterranean
42855.0,2016-11-16,4.0,,4,15.0,Evros and Rodopi route,Eastern Mediterranean
43008.0,2016-11-16,7.0,96.0,103,27.0,Central Mediterranean 3,Central Mediterranean
42876.0,2016-11-15,4.0,95.0,99,23.0,Central Mediterranean 3,Central Mediterranean
42746.0,2016-11-14,,135.0,135,15.0,Central Mediterranean 3,Central Mediterranean
42751.0,2016-11-14,5.0,1.0,6,114.0,Central Mediterranean 3,Central Mediterranean
42862.0,2016-11-14,,3.0,3,122.0,Central Mediterranean 3,Central Mediterranean
43007.0,2016-11-09,4.0,22.0,26,,Central Mediterranean 3,Central Mediterranean
42851.0,2016-11-06,1.0,,1,115.0,Central Mediterranean 3,Central Mediterranean
42728.0,2016-11-05,10.0,12.0,22,,Central Mediterranean 3,Central Mediterranean
43006.0,2016-11-05,1.0,,1,,Central Mediterranean 3,Central Mediterranean
42910.0,2016-11-04,1.0,,1,48.0,Eastern Mediterranean 2,Eastern Mediterranean
43004.0,2016-11-02,,128.0,128,2.0,Central Mediterranean 3,Central Mediterranean
43003.0,2016-11-01,12.0,99.0,111,29.0,Other,Other
43002.0,2016-10-29,3.0,,3,,Central Mediterranean 3,Central Mediterranean
43001.0,2016-10-28,2.0,4.0,6,,Central Mediterranean 3,Central Mediterranean
43000.0,2016-10-27,2.0,32.0,34,,Central Mediterranean 3,Central Mediterranean
42732.0,2016-10-26,97.0,,97,29.0,Central Mediterranean 3,Central Mediterranean
42997.0,2016-10-26,,29.0,29,,Central Mediterranean 3,Central Mediterranean
42996.0,2016-10-26,1.0,29.0,30,,Central Mediterranean 3,Central Mediterranean
42749.0,2016-10-26,9.0,1.0,10,,Central Mediterranean 3,Central Mediterranean
42999.0,2016-10-26,,10.0,10,140.0,Central Mediterranean 3,Central Mediterranean
42998.0,2016-10-26,6.0,4.0,10,,Central Mediterranean 3,Central Mediterranean
42995.0,2016-10-25,1.0,,1,,Other,Other
42754.0,2016-10-25,29.0,,29,107.0,Other,Other
42994.0,2016-10-22,,30.0,30,,Central Mediterranean 3,Central Mediterranean
42993.0,2016-10-22,1.0,,1,,Central Mediterranean 3,Central Mediterranean
42991.0,2016-10-21,13.0,,13,120.0,Central Mediterranean 3,Central Mediterranean
42990.0,2016-10-21,3.0,,3,,Central Mediterranean 3,Central Mediterranean
42989.0,2016-10-21,1.0,,1,,Central Mediterranean 3,Central Mediterranean
42992.0,2016-10-21,4.0,10.0,14,,Central Mediterranean 3,Central Mediterranean
42713.0,2016-10-19,5.0,4.0,9,118.0,Central Mediterranean 3,Central Mediterranean
42880.0,2016-10-14,,17.0,17,113.0,Other,Other
42827.0,2016-10-12,1.0,3.0,4,,Strait + goulf of Cadix route,Western Mediterranean
42988.0,2016-10-09,2.0,,2,,Central Mediterranean 3,Central Mediterranean
42724.0,2016-10-06,1.0,,1,,Eastern Mediterranean 2,Eastern Mediterranean
42987.0,2016-10-05,3.0,,3,,Central Mediterranean 3,Central Mediterranean
42875.0,2016-10-04,28.0,,28,,Central Mediterranean 3,Central Mediterranean
42712.0,2016-10-03,10.0,,10,,Central Mediterranean 3,Central Mediterranean
42723.0,2016-10-03,30.0,,30,,Central Mediterranean 3,Central Mediterranean
43029.0,2016-10-03,1.0,,1,,Other,Other
42693.0,2016-10-03,11.0,,11,,Central Mediterranean 3,Central Mediterranean
42882.0,2016-09-29,7.0,20.0,27,3.0,Eastern Mediterranean 3,Eastern Mediterranean
42441.0,2016-09-28,18.0,,18,,Other,Other
42874.0,2016-09-21,204.0,84.0,288,162.0,Egypt Greece Italy route,Egypt Grece Italy route
42702.0,2016-09-20,1.0,,1,14.0,Other,Other
42691.0,2016-09-15,1.0,,1,750.0,Other,Other
42703.0,2016-09-14,5.0,,5,164.0,Central Mediterranean 3,Central Mediterranean
42986.0,2016-09-07,4.0,,4,,Central Mediterranean 3,Central Mediterranean
42985.0,2016-09-05,5.0,,5,250.0,Central Mediterranean 3,Central Mediterranean
42666.0,2016-09-05,1.0,,1,,Other,Other
42665.0,2016-09-05,7.0,,7,,Other,Other
42667.0,2016-09-05,7.0,,7,,Other,Other
42664.0,2016-09-02,3.0,,3,931.0,Central Mediterranean 2,Central Mediterranean
42679.0,2016-09-01,1.0,,1,1050.0,Other,Other
42984.0,2016-08-31,1.0,,1,,Other,Other
42941.0,2016-08-31,3.0,,3,,Other,Other
42983.0,2016-08-29,2.0,,2,,Central Mediterranean 2,Central Mediterranean
42682.0,2016-08-26,1.0,,1,,Alboran route,Western Mediterranean
42982.0,2016-08-25,1.0,,1,,Other,Other
42680.0,2016-08-23,,7.0,7,,Strait + goulf of Cadix route,Western Mediterranean
42660.0,2016-08-21,1.0,2.0,3,12.0,Other,Other
42652.0,2016-08-18,5.0,2.0,7,32.0,Central Mediterranean 3,Central Mediterranean
42658.0,2016-08-17,,1.0,1,1.0,Strait + goulf of Cadix route,Western Mediterranean
42650.0,2016-08-15,1.0,,1,,Alboran route,Western Mediterranean
42981.0,2016-08-15,3.0,,3,,Central Mediterranean 3,Central Mediterranean
42980.0,2016-08-15,1.0,,1,,Central Mediterranean 3,Central Mediterranean
42829.0,2016-08-11,,9.0,9,,Strait + goulf of Cadix route,Western Mediterranean
42979.0,2016-08-08,1.0,,1,182.0,Central Mediterranean 3,Central Mediterranean
42978.0,2016-08-02,21.0,,21,,Central Mediterranean 3,Central Mediterranean
42620.0,2016-07-31,4.0,,4,10.0,Central Mediterranean 3,Central Mediterranean
42976.0,2016-07-31,120.0,,120,,Central Mediterranean 3,Central Mediterranean
42619.0,2016-07-31,1.0,,1,,Central Mediterranean 3,Central Mediterranean
42975.0,2016-07-22,18.0,,18,,Central Mediterranean 3,Central Mediterranean
42623.0,2016-07-22,3.0,7.0,10,4.0,Strait + goulf of Cadix route,Western Mediterranean
42871.0,2016-07-20,22.0,,22,104.0,Central Mediterranean 3,Central Mediterranean
42870.0,2016-07-19,1.0,,1,842.0,Central Mediterranean 3,Central Mediterranean
42591.0,2016-07-13,4.0,3.0,7,6.0,Eastern Mediterranean 1,Eastern Mediterranean
42974.0,2016-07-12,1.0,20.0,21,100.0,Central Mediterranean 3,Central Mediterranean
42869.0,2016-07-12,4.0,,4,400.0,Central Mediterranean 3,Central Mediterranean
42674.0,2016-07-08,1.0,,1,,Strait + goulf of Cadix route,Western Mediterranean
42601.0,2016-07-02,13.0,4.0,17,11.0,Central Mediterranean 3,Central Mediterranean
42595.0,2016-06-30,10.0,,10,107.0,Central Mediterranean 2,Central Mediterranean
42973.0,2016-06-26,1.0,,1,,Central Mediterranean 3,Central Mediterranean
42951.0,2016-06-25,6.0,,6,1000.0,Other,Other
42972.0,2016-06-24,,17.0,17,,Egypt Greece Italy route,Egypt Grece Italy route
42879.0,2016-06-23,1.0,,1,100.0,Central Mediterranean 3,Central Mediterranean
42971.0,2016-06-17,2.0,,2,113.0,Central Mediterranean 3,Central Mediterranean
42584.0,2016-06-14,9.0,,9,,Central Mediterranean 3,Central Mediterranean
42970.0,2016-06-12,1.0,,1,133.0,Central Mediterranean 3,Central Mediterranean
42868.0,2016-06-09,2.0,,2,1950.0,Central Mediterranean 3,Central Mediterranean
42502.0,2016-06-07,1.0,,1,3.0,Alboran route,Western Mediterranean
42471.0,2016-06-03,10.0,329.0,339,319.0,Egypt Greece Italy route,Egypt Grece Italy route
42445.0,2016-05-29,45.0,200.0,245,625.0,Central Mediterranean 3,Central Mediterranean
42969.0,2016-05-28,1.0,,1,340.0,Central Mediterranean 3,Central Mediterranean
42968.0,2016-05-28,,47.0,47,78.0,Other,Other
42967.0,2016-05-26,1.0,,1,526.0,Other,Other
42447.0,2016-05-26,,550.0,550,87.0,Central Mediterranean 3,Central Mediterranean
42966.0,2016-05-26,,9.0,9,,Other,Other
42964.0,2016-05-25,5.0,250.0,255,460.0,Other,Other
42963.0,2016-05-25,6.0,,6,139.0,Other,Other
42965.0,2016-05-25,,,0,,Other,Other
42962.0,2016-05-24,4.0,,4,,Central Mediterranean 3,Central Mediterranean
42509.0,2016-05-21,0.0,10.0,10,,Other,Other
42842.0,2016-05-19,,45.0,45,,Alboran route,Western Mediterranean
42458.0,2016-05-16,1.0,,1,,Other,Other
42457.0,2016-05-16,1.0,,1,,Other,Other
42831.0,2016-05-12,1.0,,1,,Strait + goulf of Cadix route,Western Mediterranean
42636.0,2016-05-09,1.0,,1,,Alboran route,Western Mediterranean
43037.0,2016-05-05,1.0,,1,,Alboran route,Western Mediterranean
42463.0,2016-04-29,2.0,18.0,20,105.0,Central Mediterranean 3,Central Mediterranean
42961.0,2016-04-29,0.0,9.0,9,,Central Mediterranean 3,Central Mediterranean
42448.0,2016-04-29,0.0,84.0,84,26.0,Other,Other
43036.0,2016-04-23,,3.0,3,1.0,Alboran route,Western Mediterranean
42466.0,2016-04-17,8.0,24.0,32,108.0,Central Mediterranean 3,Central Mediterranean
42830.0,2016-04-16,,6.0,6,,Alboran route,Western Mediterranean
42467.0,2016-04-15,1.0,,1,,Eastern Mediterranean 2,Eastern Mediterranean
42506.0,2016-04-12,4.0,,4,,Central Mediterranean 3,Central Mediterranean
42505.0,2016-04-11,3.0,,3,,Central Mediterranean 3,Central Mediterranean
42867.0,2016-04-09,5.0,4.0,9,5.0,Eastern Mediterranean 2,Eastern Mediterranean
42881.0,2016-04-09,0.0,459.0,459,37.0,Other,Other
42408.0,2016-03-31,9.0,,9,127.0,Egypt Greece Italy route,Egypt Grece Italy route
42948.0,2016-03-30,,90.0,90,30.0,Other,Other
42960.0,2016-03-28,,84.0,84,1.0,Central Mediterranean 3,Central Mediterranean
42520.0,2016-03-26,12.0,,12,,Other,Other
42438.0,2016-03-21,1.0,,1,,Central Mediterranean 1,Central Mediterranean
42508.0,2016-03-20,2.0,,2,,Eastern Mediterranean 1,Eastern Mediterranean
42476.0,2016-03-20,2.0,,2,40.0,Other,Other
42450.0,2016-03-20,,4.0,4,,Central Mediterranean 3,Central Mediterranean
42451.0,2016-03-19,51.0,,51,,Other,Other
42959.0,2016-03-19,,,0,,Other,Other
42493.0,2016-03-17,4.0,,4,187.0,Central Mediterranean 3,Central Mediterranean
42940.0,2016-03-16,3.0,,3,750.0,Central Mediterranean 3,Central Mediterranean
42460.0,2016-03-14,,8.0,8,5.0,Other,Other
42655.0,2016-03-12,1.0,,1,,Alboran route,Western Mediterranean
42439.0,2016-03-10,5.0,2.0,7,9.0,Eastern Mediterranean 1,Eastern Mediterranean
42403.0,2016-03-06,25.0,,25,15.0,Other,Other
43035.0,2016-03-04,,20.0,20,,Alboran route,Western Mediterranean
43028.0,2016-03-02,1.0,,1,,Eastern Mediterranean 1,Eastern Mediterranean
42947.0,2016-02-23,5.0,,5,403.0,Other,Other
42866.0,2016-02-19,2.0,,2,,Central Mediterranean 3,Central Mediterranean
42414.0,2016-02-17,1.0,,1,2.0,Other,Other
42499.0,2016-02-16,1.0,,1,,Strait + goulf of Cadix route,Western Mediterranean
42483.0,2016-02-08,27.0,9.0,36,4.0,Eastern Mediterranean 1,Eastern Mediterranean
42635.0,2016-02-05,1.0,,1,,Strait + goulf of Cadix route,Western Mediterranean
42417.0,2016-02-02,9.0,,9,13.0,Eastern Mediterranean 2,Eastern Mediterranean
42425.0,2016-01-31,3.0,,3,12.0,Eastern Mediterranean 2,Eastern Mediterranean
42958.0,2016-01-30,6.0,64.0,70,50.0,Central Mediterranean 2,Central Mediterranean
42402.0,2016-01-30,39.0,,39,75.0,Eastern Mediterranean 1,Eastern Mediterranean
43027.0,2016-01-28,26.0,15.0,41,9.0,Eastern Mediterranean 2,Eastern Mediterranean
42434.0,2016-01-27,7.0,,7,2.0,Eastern Mediterranean 3,Eastern Mediterranean
42405.0,2016-01-26,5.0,16.0,21,1.0,Eastern Mediterranean 2,Eastern Mediterranean
42907.0,2016-01-26,1.0,,1,,Eastern Mediterranean 2,Eastern Mediterranean
42957.0,2016-01-25,1.0,,1,700.0,Central Mediterranean 3,Central Mediterranean
42956.0,2016-01-25,1.0,,1,,Other,Other
42906.0,2016-01-25,2.0,,2,,Eastern Mediterranean 2,Eastern Mediterranean
42905.0,2016-01-24,2.0,,2,,Eastern Mediterranean 2,Eastern Mediterranean
42904.0,2016-01-24,1.0,,1,,Other,Other
42903.0,2016-01-24,1.0,,1,,Other,Other
42902.0,2016-01-23,1.0,,1,,Eastern Mediterranean 2,Eastern Mediterranean
42901.0,2016-01-21,35.0,9.0,44,26.0,Eastern Mediterranean 3,Eastern Mediterranean
42473.0,2016-01-21,13.0,11.0,24,25.0,Eastern Mediterranean 1,Eastern Mediterranean
42900.0,2016-01-21,8.0,,8,41.0,Other,Other
42409.0,2016-01-20,2.0,,2,46.0,Eastern Mediterranean 1,Eastern Mediterranean
42899.0,2016-01-18,1.0,,1,,Other,Other
42955.0,2016-01-18,1.0,8.0,9,,Central Mediterranean 2,Central Mediterranean
42898.0,2016-01-16,1.0,,1,,Eastern Mediterranean 2,Eastern Mediterranean
42897.0,2016-01-16,6.0,,6,1.0,Eastern Mediterranean 2,Eastern Mediterranean
42523.0,2016-01-15,3.0,,3,20.0,Other,Other
42435.0,2016-01-15,1.0,,1,63.0,Other,Other
42524.0,2016-01-15,4.0,,4,9.0,Other,Other
42946.0,2016-01-14,3.0,3.0,6,13.0,Other,Other
42945.0,2016-01-14,6.0,,6,,Eastern Mediterranean 2,Eastern Mediterranean
42865.0,2016-01-11,1.0,8.0,9,34.0,Egypt Greece Italy route,Egypt Grece Italy route
42456.0,2016-01-11,3.0,,3,13.0,Other,Other
42896.0,2016-01-08,1.0,,1,,Eastern Mediterranean 1,Eastern Mediterranean
42459.0,2016-01-08,1.0,,1,,Alboran route,Western Mediterranean
42848.0,2016-01-05,36.0,,36,8.0,Eastern Mediterranean 1,Eastern Mediterranean
42895.0,2016-01-05,1.0,,1,,Other,Other
42894.0,2016-01-05,1.0,,1,,Other,Other
42892.0,2016-01-04,1.0,,1,,Other,Other
42891.0,2016-01-04,1.0,,1,,Eastern Mediterranean 2,Eastern Mediterranean
42430.0,2016-01-04,3.0,,3,,Algeria route,Western Mediterranean
42893.0,2016-01-04,1.0,,1,,Other,Other
42452.0,2016-01-02,1.0,,1,39.0,Other,Other
42890.0,2016-01-02,4.0,,4,,Other,Other
42427.0,2016-01-02,1.0,,1,,Strait + goulf of Cadix route,Western Mediterranean
40531.0,2015-12-30,7.0,,7,,Other,Other
40530.0,2015-12-30,2.0,,2,,Eastern Mediterranean 2,Eastern Mediterranean
40529.0,2015-12-28,4.0,,4,,Other,Other
40528.0,2015-12-27,1.0,,1,,Other,Other
40526.0,2015-12-25,1.0,,1,,Eastern Mediterranean 2,Eastern Mediterranean
41003.0,2015-12-25,2.0,,2,185.0,Strait + goulf of Cadix route,Western Mediterranean
40527.0,2015-12-25,1.0,,1,,Eastern Mediterranean 2,Eastern Mediterranean
40525.0,2015-12-24,2.0,,2,,Eastern Mediterranean 2,Eastern Mediterranean
40523.0,2015-12-24,20.0,,20,21.0,Eastern Mediterranean 1,Eastern Mediterranean
41002.0,2015-12-23,1.0,,1,,Other,Other
40522.0,2015-12-23,1.0,,1,509.0,Central Mediterranean 3,Central Mediterranean
40520.0,2015-12-22,11.0,,11,7.0,Eastern Mediterranean 1,Eastern Mediterranean
40519.0,2015-12-22,2.0,,2,69.0,Other,Other
40521.0,2015-12-22,13.0,1.0,14,15.0,Other,Other
40518.0,2015-12-21,1.0,,1,,Other,Other
40517.0,2015-12-20,1.0,,1,,Other,Other
40516.0,2015-12-19,1.0,,1,61.0,Cesme to Chios route,Eastern Mediterranean
40514.0,2015-12-19,2.0,,2,,Other,Other
40512.0,2015-12-18,4.0,,4,,Eastern Mediterranean 3,Eastern Mediterranean
40511.0,2015-12-18,18.0,,18,14.0,Eastern Mediterranean 3,Eastern Mediterranean
40513.0,2015-12-18,4.0,,4,4.0,Eastern Mediterranean 3,Eastern Mediterranean
40510.0,2015-12-16,5.0,,5,92.0,Eastern Mediterranean 1,Eastern Mediterranean
40508.0,2015-12-16,1.0,,1,,Eastern Mediterranean 3,Eastern Mediterranean
40507.0,2015-12-16,4.0,,4,58.0,Eastern Mediterranean 3,Eastern Mediterranean
40506.0,2015-12-16,2.0,,2,200.0,Cesme to Chios route,Eastern Mediterranean
40505.0,2015-12-15,2.0,3.0,5,18.0,Eastern Mediterranean 3,Eastern Mediterranean
40504.0,2015-12-14,1.0,,1,,Other,Other
40503.0,2015-12-14,3.0,3.0,6,12.0,Kas to Kastellorizo,Eastern Mediterranean
40502.0,2015-12-14,1.0,,1,,Eastern Mediterranean 1,Eastern Mediterranean
40501.0,2015-12-12,1.0,,1,,Kas to Kastellorizo,Eastern Mediterranean
40499.0,2015-12-10,4.0,,4,,Other,Other
40500.0,2015-12-10,4.0,9.0,13,7.0,Other,Other
40498.0,2015-12-09,12.0,13.0,25,26.0,Eastern Mediterranean 2,Eastern Mediterranean
40497.0,2015-12-09,1.0,,1,18.0,Other,Other
40561.0,2015-12-09,1.0,,1,,Other,Other
40560.0,2015-12-08,6.0,,6,8.0,Other,Other
40496.0,2015-12-03,3.0,2.0,5,,Other,Other
40492.0,2015-12-01,3.0,30.0,33,,Cesme to Chios route,Eastern Mediterranean
40491.0,2015-12-01,1.0,,1,,Eastern Mediterranean 1,Eastern Mediterranean
40489.0,2015-11-28,5.0,,5,,Eastern Mediterranean 1,Eastern Mediterranean
40488.0,2015-11-27,4.0,,4,,Other,Other
40486.0,2015-11-25,1.0,,1,,Eastern Mediterranean 2,Eastern Mediterranean
40481.0,2015-11-20,1.0,,1,,Alboran route,Western Mediterranean
40480.0,2015-11-18,8.0,7.0,15,,Other,Other
40476.0,2015-11-17,8.0,,8,,Eastern Mediterranean 1,Eastern Mediterranean
40568.0,2015-11-17,9.0,2.0,11,,Eastern Mediterranean 3,Eastern Mediterranean
40473.0,2015-11-13,1.0,,1,,Other,Other
40998.0,2015-11-11,1.0,,1,,Eastern Mediterranean 1,Eastern Mediterranean
40472.0,2015-11-11,4.0,2.0,6,,Other,Other
40470.0,2015-11-10,1.0,,1,,Other,Other
40471.0,2015-11-10,14.0,1.0,15,,Other,Other
40552.0,2015-11-05,1.0,,1,,Eastern Mediterranean 2,Eastern Mediterranean
40467.0,2015-11-05,1.0,1.0,2,,Other,Other
40550.0,2015-11-03,10.0,,10,,Eastern Mediterranean 1,Eastern Mediterranean
40549.0,2015-11-03,1.0,,1,,Other,Other
40462.0,2015-11-01,1.0,,1,,Other,Other
40466.0,2015-11-01,4.0,6.0,10,,Other,Other
40465.0,2015-11-01,1.0,,1,,Eastern Mediterranean 1,Eastern Mediterranean
40464.0,2015-11-01,1.0,,1,,Eastern Mediterranean 1,Eastern Mediterranean
40463.0,2015-11-01,11.0,,11,,Eastern Mediterranean 2,Eastern Mediterranean
40461.0,2015-10-31,4.0,,4,,Strait + goulf of Cadix route,Western Mediterranean
40307.0,2015-10-31,4.0,,4,,Eastern Mediterranean 1,Eastern Mediterranean
40868.0,2015-10-30,1.0,,1,,Eastern Mediterranean 1,Eastern Mediterranean
40460.0,2015-10-30,1.0,,1,,Eastern Mediterranean 2,Eastern Mediterranean
40455.0,2015-10-29,0.0,2.0,2,,Eastern Mediterranean 2,Eastern Mediterranean
40454.0,2015-10-29,4.0,,4,,Eastern Mediterranean 1,Eastern Mediterranean
40457.0,2015-10-29,7.0,32.0,39,15.0,Alboran route,Western Mediterranean
40456.0,2015-10-29,3.0,4.0,7,,Marmaris to Rhodes route,Eastern Mediterranean
40448.0,2015-10-28,3.0,,3,,Central Mediterranean 3,Central Mediterranean
40712.0,2015-10-28,1.0,,1,,Eastern Mediterranean 2,Eastern Mediterranean
45862.0,2015-10-28,3.0,1.0,4,,Eastern Mediterranean 2,Eastern Mediterranean
45861.0,2015-10-28,2.0,,2,,Eastern Mediterranean 1,Eastern Mediterranean
40453.0,2015-10-28,13.0,,13,,Eastern Mediterranean 1,Eastern Mediterranean
40452.0,2015-10-28,43.0,,43,,Eastern Mediterranean 1,Eastern Mediterranean
40548.0,2015-10-28,1.0,,1,,Eastern Mediterranean 1,Eastern Mediterranean
40451.0,2015-10-28,19.0,,19,0.0,Eastern Mediterranean 3,Eastern Mediterranean
40994.0,2015-10-28,1.0,,1,,Eastern Mediterranean 2,Eastern Mediterranean
40449.0,2015-10-28,3.0,,3,,Eastern Mediterranean 2,Eastern Mediterranean
40446.0,2015-10-27,1.0,1.0,2,,Other,Other
40445.0,2015-10-26,1.0,,1,,Cesme to Chios route,Eastern Mediterranean
40444.0,2015-10-26,1.0,,1,,Eastern Mediterranean 1,Eastern Mediterranean
40443.0,2015-10-26,1.0,,1,,Strait + goulf of Cadix route,Western Mediterranean
40442.0,2015-10-25,3.0,7.0,10,,Eastern Mediterranean 1,Eastern Mediterranean
40441.0,2015-10-25,43.0,,43,,Other,Other
40439.0,2015-10-22,6.0,,6,,Other,Other
40438.0,2015-10-22,12.0,11.0,23,,Eastern Mediterranean 1,Eastern Mediterranean
40437.0,2015-10-22,2.0,1.0,3,,Eastern Mediterranean 1,Eastern Mediterranean
40436.0,2015-10-22,4.0,1.0,5,,Eastern Mediterranean 1,Eastern Mediterranean
40433.0,2015-10-21,,13.0,13,,Eastern Mediterranean 1,Eastern Mediterranean
40993.0,2015-10-20,8.0,,8,,Egypt Greece Italy route,Egypt Grece Italy route
40432.0,2015-10-19,4.0,1.0,5,,Central Mediterranean 3,Central Mediterranean
40431.0,2015-10-19,1.0,1.0,2,,Strait + goulf of Cadix route,Western Mediterranean
40992.0,2015-10-18,1.0,,1,,Other,Other
40429.0,2015-10-17,4.0,3.0,7,,Eastern Mediterranean 2,Eastern Mediterranean
40428.0,2015-10-16,13.0,,13,,Eastern Mediterranean 1,Eastern Mediterranean
40427.0,2015-10-15,7.0,1.0,8,,Eastern Mediterranean 1,Eastern Mediterranean
40426.0,2015-10-14,7.0,2.0,9,,Eastern Mediterranean 2,Eastern Mediterranean
40425.0,2015-10-14,3.0,,3,,Eastern Mediterranean 1,Eastern Mediterranean
40423.0,2015-10-13,1.0,1.0,2,,Alboran route,Western Mediterranean
40421.0,2015-10-10,,,0,,Other,Other
40420.0,2015-10-10,11.0,,11,,Other,Other
40419.0,2015-10-09,1.0,,1,,Eastern Mediterranean 1,Eastern Mediterranean
40418.0,2015-10-09,2.0,,2,,Strait + goulf of Cadix route,Western Mediterranean
40417.0,2015-10-05,95.0,,95,,Central Mediterranean 3,Central Mediterranean
40547.0,2015-10-05,1.0,,1,,Other,Other
40546.0,2015-10-04,2.0,,2,,Other,Other
40545.0,2015-10-03,2.0,,2,,Other,Other
40544.0,2015-10-02,1.0,,1,,Eastern Mediterranean 3,Eastern Mediterranean
40416.0,2015-09-30,2.0,,2,,Eastern Mediterranean 1,Eastern Mediterranean
40415.0,2015-09-29,1.0,5.0,6,,Other,Other
40413.0,2015-09-27,17.0,,17,0.0,Other,Other
40543.0,2015-09-25,,7.0,7,,Other,Other
40565.0,2015-09-24,1.0,,1,,Eastern Mediterranean 2,Eastern Mediterranean
40564.0,2015-09-23,1.0,,1,,Eastern Mediterranean 1,Eastern Mediterranean
40412.0,2015-09-22,1.0,,1,,Eastern Mediterranean 1,Eastern Mediterranean
40542.0,2015-09-22,,2.0,2,,Eastern Mediterranean 1,Eastern Mediterranean
40537.0,2015-09-20,13.0,13.0,26,,Eastern Mediterranean 1,Eastern Mediterranean
40411.0,2015-09-20,,2.0,2,,Eastern Mediterranean 1,Eastern Mediterranean
40410.0,2015-09-20,2.0,24.0,26,,Eastern Mediterranean 1,Eastern Mediterranean
40409.0,2015-09-19,1.0,12.0,13,,Eastern Mediterranean 1,Eastern Mediterranean
40408.0,2015-09-18,1.0,,1,14.0,Cesme to Chios route,Eastern Mediterranean
40407.0,2015-09-18,7.0,,7,100.0,Other,Other
40978.0,2015-09-17,1.0,,1,254.0,Central Mediterranean 3,Central Mediterranean
40406.0,2015-09-15,22.0,,22,249.0,Central Mediterranean 3,Central Mediterranean
40405.0,2015-09-14,2.0,,2,11.0,Eastern Mediterranean 2,Eastern Mediterranean
40404.0,2015-09-13,34.0,4.0,38,99.0,Other,Other
40402.0,2015-09-12,,1.0,1,32.0,Eastern Mediterranean 1,Eastern Mediterranean
40403.0,2015-09-12,,4.0,4,25.0,Eastern Mediterranean 3,Eastern Mediterranean
40975.0,2015-09-10,1.0,,1,,Alboran route,Western Mediterranean
40400.0,2015-09-06,,20.0,20,107.0,Egypt Greece Italy route,Egypt Grece Italy route
40399.0,2015-09-06,1.0,1.0,2,,Strait + goulf of Cadix route,Western Mediterranean
40398.0,2015-09-05,1.0,,1,,Eastern Mediterranean 2,Eastern Mediterranean
40397.0,2015-09-03,1.0,43.0,44,91.0,Central Mediterranean 3,Central Mediterranean
40395.0,2015-09-02,7.0,3.0,10,7.0,Other,Other
40967.0,2015-09-02,1.0,,1,,Eastern Mediterranean 1,Eastern Mediterranean
40393.0,2015-09-02,5.0,,5,8.0,Other,Other
40966.0,2015-09-02,1.0,,1,,Cesme to Chios route,Eastern Mediterranean
40845.0,2015-09-01,4.0,,4,112.0,Central Mediterranean 3,Central Mediterranean
40963.0,2015-08-31,6.0,,6,,Other,Other
40676.0,2015-08-31,1.0,,1,,Eastern Mediterranean 1,Eastern Mediterranean
40389.0,2015-08-31,1.0,,1,12.0,Strait + goulf of Cadix route,Western Mediterranean
40388.0,2015-08-30,37.0,,37,,Other,Other
40648.0,2015-08-29,1.0,,1,,Eastern Mediterranean 2,Eastern Mediterranean
40867.0,2015-08-28,2.0,,2,,Other,Other
40387.0,2015-08-27,111.0,91.0,202,198.0,Other,Other
40960.0,2015-08-27,1.0,,1,,Other,Other
40959.0,2015-08-27,3.0,5.0,8,124.0,Other,Other
40842.0,2015-08-26,52.0,,52,441.0,Central Mediterranean 3,Central Mediterranean
40956.0,2015-08-25,1.0,,1,,Egypt Greece Italy route,Egypt Grece Italy route
40386.0,2015-08-25,2.0,,2,,Alboran route,Western Mediterranean
40382.0,2015-08-24,3.0,,3,73.0,Eastern Mediterranean 1,Eastern Mediterranean
40384.0,2015-08-24,1.0,,1,,Other,Other
40383.0,2015-08-24,2.0,4.0,6,8.0,Eastern Mediterranean 1,Eastern Mediterranean
40954.0,2015-08-23,1.0,,1,125.0,Eastern Mediterranean 2,Eastern Mediterranean
40870.0,2015-08-21,1.0,,1,19.0,Eastern Mediterranean 1,Eastern Mediterranean
40381.0,2015-08-18,6.0,,6,3.0,Other,Other
40379.0,2015-08-17,9.0,,9,31.0,Other,Other
40946.0,2015-08-17,1.0,,1,,Other,Other
40943.0,2015-08-16,1.0,,1,,Central Mediterranean 3,Central Mediterranean
40649.0,2015-08-15,49.0,,49,312.0,Eastern Mediterranean 3,Eastern Mediterranean
40376.0,2015-08-11,,60.0,60,54.0,Central Mediterranean 3,Central Mediterranean
40375.0,2015-08-06,2.0,,2,,Egypt Greece Italy route,Egypt Grece Italy route
40374.0,2015-08-06,3.0,,3,,Egypt Greece Italy route,Egypt Grece Italy route
40373.0,2015-08-06,22.0,200.0,222,373.0,Central Mediterranean 3,Central Mediterranean
40841.0,2015-08-03,1.0,,1,,Alboran route,Western Mediterranean
40941.0,2015-08-03,5.0,,5,,Egypt Greece Italy route,Egypt Grece Italy route
40372.0,2015-08-02,4.0,,4,,Strait + goulf of Cadix route,Western Mediterranean
40933.0,2015-07-27,14.0,,14,,Central Mediterranean 3,Central Mediterranean
40368.0,2015-07-23,40.0,,40,,Central Mediterranean 3,Central Mediterranean
40365.0,2015-07-16,6.0,,6,10.0,Eastern Mediterranean 1,Eastern Mediterranean
40364.0,2015-07-15,100.0,,100,,Other,Other
40714.0,2015-07-15,1.0,,1,,Central Mediterranean 3,Central Mediterranean
40672.0,2015-07-10,30.0,,30,,Other,Other
40363.0,2015-07-09,9.0,,9,,Other,Other
40538.0,2015-07-09,12.0,,12,106.0,Other,Other
40361.0,2015-07-07,3.0,15.0,18,19.0,Other,Other
40721.0,2015-06-25,1.0,,1,,Other,Other
40689.0,2015-06-23,1.0,,1,,Central Mediterranean 3,Central Mediterranean
40359.0,2015-06-23,6.0,,6,66.0,Eastern Mediterranean 3,Eastern Mediterranean
40541.0,2015-06-20,,22.0,22,,Alboran route,Western Mediterranean
40357.0,2015-06-17,3.0,,3,,Egypt Greece Italy route,Egypt Grece Italy route
40285.0,2015-05-30,17.0,8.0,25,454.0,Other,Other
40587.0,2015-05-26,1.0,,1,,Strait + goulf of Cadix route,Western Mediterranean
40354.0,2015-05-25,5.0,,5,25.0,Cesme to Chios route,Eastern Mediterranean
40352.0,2015-05-23,5.0,,5,49.0,Other,Other
40838.0,2015-05-21,1.0,,1,,Central Mediterranean 3,Central Mediterranean
40535.0,2015-05-04,5.0,41.0,46,91.0,Central Mediterranean 3,Central Mediterranean
40349.0,2015-05-02,3.0,,3,31.0,Egypt Greece Italy route,Egypt Grece Italy route
40540.0,2015-05-02,10.0,,10,,Other,Other
40288.0,2015-04-21,1.0,,1,,Other,Other
40347.0,2015-04-20,1.0,,1,88.0,Other,Other
40346.0,2015-04-20,2.0,,2,88.0,Central Mediterranean 3,Central Mediterranean
40345.0,2015-04-18,750.0,272.0,1022,28.0,Central Mediterranean 3,Central Mediterranean
40595.0,2015-04-17,1.0,0.0,1,70.0,Central Mediterranean 3,Central Mediterranean
40344.0,2015-04-16,,41.0,41,4.0,Central Mediterranean 3,Central Mediterranean
40534.0,2015-04-16,,12.0,12,15.0,Central Mediterranean 3,Central Mediterranean
40341.0,2015-04-13,9.0,391.0,400,144.0,Other,Other
40339.0,2015-04-10,2.0,,2,129.0,Other,Other
40901.0,2015-04-10,1.0,,1,,Central Mediterranean 3,Central Mediterranean
40337.0,2015-04-06,7.0,4.0,11,9.0,Eastern Mediterranean 2,Eastern Mediterranean
40335.0,2015-03-19,3.0,0.0,3,84.0,Other,Other
40334.0,2015-03-17,5.0,3.0,8,8.0,Eastern Mediterranean 3,Eastern Mediterranean
40325.0,2015-03-03,10.0,40.0,50,941.0,Central Mediterranean 3,Central Mediterranean
40319.0,2015-02-09,,307.0,307,9.0,Central Mediterranean 3,Central Mediterranean
40634.0,2015-02-08,29.0,,29,76.0,Central Mediterranean 3,Central Mediterranean
40318.0,2015-02-07,7.0,2.0,9,6.0,Central Mediterranean 3,Central Mediterranean
40314.0,2015-01-30,8.0,2.0,10,10.0,Alboran route,Western Mediterranean
40312.0,2015-01-22,1.0,20.0,21,86.0,Alboran route,Western Mediterranean
40883.0,2015-01-18,1.0,,1,418.0,Central Mediterranean 3,Central Mediterranean
40311.0,2015-01-16,9.0,36.0,45,27.0,Other,Other
40309.0,2015-01-04,5.0,,5,16.0,Algeria route,Western Mediterranean
39445.0,2014-12-31,9.0,,9,21.0,Strait + goulf of Cadix route,Western Mediterranean
39402.0,2014-12-31,,23.0,23,28.0,Alboran route,Western Mediterranean
39444.0,2014-12-31,,30.0,30,,Central Mediterranean 3,Central Mediterranean
39401.0,2014-12-31,17.0,,17,75.0,Central Mediterranean 3,Central Mediterranean
39443.0,2014-12-31,5.0,,5,,Central Mediterranean 3,Central Mediterranean
39362.0,2014-12-31,,9.0,9,2.0,Eastern Mediterranean 3,Eastern Mediterranean
39361.0,2014-12-31,,2.0,2,,Egypt Greece Italy route,Egypt Grece Italy route
39441.0,2014-12-30,4.0,,4,,Central Mediterranean 3,Central Mediterranean
39400.0,2014-11-24,,12.0,12,,Central Mediterranean 3,Central Mediterranean
39399.0,2014-11-23,,6.0,6,,Central Mediterranean 3,Central Mediterranean
39377.0,2014-11-12,,4.0,4,5.0,Eastern Mediterranean 1,Eastern Mediterranean
39436.0,2014-10-17,3.0,,3,646.0,Central Mediterranean 3,Central Mediterranean
39398.0,2014-10-17,10.0,85.0,95,85.0,Central Mediterranean 3,Central Mediterranean
39396.0,2014-10-12,2.0,6.0,8,0.0,Strait + goulf of Cadix route,Western Mediterranean
39437.0,2014-10-05,,20.0,20,93.0,Other,Other
39366.0,2014-09-25,15.0,73.0,88,72.0,Egypt Greece Italy route,Egypt Grece Italy route
39433.0,2014-09-23,2.0,16.0,18,12.0,Central Mediterranean 3,Central Mediterranean
39367.0,2014-09-21,3.0,497.0,500,10.0,Central Mediterranean 3,Central Mediterranean
39434.0,2014-09-01,70.0,94.0,164,36.0,Central Mediterranean 3,Central Mediterranean
39440.0,2014-09-01,10.0,33.0,43,55.0,Other,Other
39429.0,2014-08-31,,100.0,100,,Central Mediterranean 3,Central Mediterranean
39359.0,2014-08-29,42.0,,42,,Central Mediterranean 3,Central Mediterranean
39428.0,2014-08-25,24.0,,24,364.0,Central Mediterranean 3,Central Mediterranean
39395.0,2014-08-24,170.0,81.0,251,19.0,Central Mediterranean 3,Central Mediterranean
39427.0,2014-08-24,18.0,8.0,26,73.0,Central Mediterranean 3,Central Mediterranean
39426.0,2014-08-22,1.0,,1,,Central Mediterranean 3,Central Mediterranean
39358.0,2014-08-05,2.0,170.0,172,200.0,Central Mediterranean 3,Central Mediterranean
39394.0,2014-07-28,20.0,108.0,128,22.0,Central Mediterranean 3,Central Mediterranean
39424.0,2014-07-21,5.0,14.0,19,61.0,Central Mediterranean 3,Central Mediterranean
39365.0,2014-07-19,2.0,53.0,55,1.0,Egypt Greece Italy route,Egypt Grece Italy route
39423.0,2014-07-19,3.0,0.0,3,104.0,Central Mediterranean 3,Central Mediterranean
39393.0,2014-07-19,29.0,,29,569.0,Central Mediterranean 3,Central Mediterranean
39392.0,2014-07-19,,151.0,151,,Other,Other
39422.0,2014-07-17,3.0,0.0,3,90.0,Central Mediterranean 3,Central Mediterranean
39391.0,2014-07-17,,41.0,41,61.0,Central Mediterranean 3,Central Mediterranean
39421.0,2014-07-14,1.0,109.0,110,12.0,Central Mediterranean 3,Central Mediterranean
39420.0,2014-07-12,12.0,,12,,Central Mediterranean 3,Central Mediterranean
39419.0,2014-07-11,4.0,21.0,25,13.0,Eastern Mediterranean 2,Eastern Mediterranean
39364.0,2014-07-06,12.0,188.0,200,0.0,Central Mediterranean 3,Central Mediterranean
39417.0,2014-07-05,13.0,,13,,Central Mediterranean 3,Central Mediterranean
39416.0,2014-07-01,,75.0,75,27.0,Central Mediterranean 3,Central Mediterranean
39414.0,2014-06-29,45.0,,45,566.0,Central Mediterranean 3,Central Mediterranean
39390.0,2014-06-29,2.0,4.0,6,,Central Mediterranean 3,Central Mediterranean
39241.0,2014-06-27,,240.0,240,0.0,Central Mediterranean 3,Central Mediterranean
39413.0,2014-06-18,4.0,0.0,4,0.0,Alboran route,Western Mediterranean
39357.0,2014-06-15,1.0,0.0,1,356.0,Central Mediterranean 3,Central Mediterranean
39411.0,2014-06-14,10.0,0.0,10,39.0,Central Mediterranean 3,Central Mediterranean
39410.0,2014-06-09,3.0,2.0,5,0.0,Central Mediterranean 3,Central Mediterranean
39389.0,2014-06-08,4.0,,4,,Central Mediterranean 3,Central Mediterranean
39409.0,2014-06-05,3.0,0.0,3,,Central Mediterranean 3,Central Mediterranean
39374.0,2014-05-23,1.0,0.0,1,,Other,Other
39388.0,2014-05-12,17.0,200.0,217,226.0,Central Mediterranean 3,Central Mediterranean
39239.0,2014-05-07,1.0,0.0,1,,Central Mediterranean 3,Central Mediterranean
39386.0,2014-05-06,44.0,33.0,77,53.0,Central Mediterranean 3,Central Mediterranean
39408.0,2014-05-05,22.0,7.0,29,36.0,Eastern Mediterranean 2,Eastern Mediterranean
39237.0,2014-05-02,4.0,0.0,4,80.0,Central Mediterranean 3,Central Mediterranean
39236.0,2014-04-30,,40.0,40,1.0,Central Mediterranean 3,Central Mediterranean
39356.0,2014-04-16,8.0,1.0,9,5.0,Eastern Mediterranean 1,Eastern Mediterranean
39406.0,2014-04-09,1.0,0.0,1,661.0,Central Mediterranean 3,Central Mediterranean
39354.0,2014-03-18,7.0,2.0,9,8.0,Eastern Mediterranean 1,Eastern Mediterranean
39405.0,2014-03-17,1.0,,1,,Central Mediterranean 3,Central Mediterranean
39230.0,2014-02-27,7.0,,7,,Central Mediterranean 3,Central Mediterranean
39228.0,2014-02-17,2.0,0.0,2,121.0,Central Mediterranean 3,Central Mediterranean
39404.0,2014-02-06,15.0,0.0,15,0.0,Strait + goulf of Cadix route,Western Mediterranean
39403.0,2014-01-19,12.0,,12,,Other,Other
